Order,Family,Name,Scientific name,Size (cm),Cavity nester type,Reference ,Obligate or Facultative,Occasional,Excavated,Decay-formed,Excavator species,Status,Nearctic,Palearctic,Neotropical,Afrotropical,Oriental,Australasia
Anseriformes,"Anatidae (Ducks, Geese, and Waterfowl)",Fulvous Whistling-duck,Dendrocygna bicolor,45–53,Non-excavator,10,Facultative,X,,X,,Not globally threatened,1,,1,1,1,
Anseriformes,"Anatidae (Ducks, Geese, and Waterfowl)",Black-bellied Whistling-duck,Dendrocygna autumnalis,43–53,Non-excavator,10,Facultative,,X,X,Picidae,Not globally threatened,1,,1,,,
Anseriformes,"Anatidae (Ducks, Geese, and Waterfowl)",West Indian Whistling-duck,Dendrocygna arborea,48–58,Non-excavator,10,Facultative,,,X,,Vulnerable,,,1,,,
Anseriformes,"Anatidae (Ducks, Geese, and Waterfowl)",Spotted Whistling-duck,Dendrocygna guttata,43–50 ,Non-excavator,10,Obligate,,,X,,Not globally threatened,,,,,1,1
Anseriformes,"Anatidae (Ducks, Geese, and Waterfowl)",Lesser Whistling-duck,Dendrocygna javanica,38–42,Non-excavator,10,Facultative,,,X,,Not globally threatened,,1,,,1,
Anseriformes,"Anatidae (Ducks, Geese, and Waterfowl)",American Comb Duck,Sarkidiornis sylvicola,55–63,Non-excavator,10,Facultative,,,X,,Not globally threatened,,,1,,,
Anseriformes,"Anatidae (Ducks, Geese, and Waterfowl)",African Comb Duck,Sarkidiornis melanotos,64–79,Non-excavator,10,Facultative,,,X,,Not globally threatened,,,,1,1,
Anseriformes,"Anatidae (Ducks, Geese, and Waterfowl)",Harlequin Duck ,Histrionicus histrionicus,38–51,Non-excavator,10,Facultative,,,X,,Not globally threatened,1,1,,,,
Anseriformes,"Anatidae (Ducks, Geese, and Waterfowl)",Hartlaub's Duck,Pteronetta hartlaubii,56–58,Non-excavator,10,Facultative,,,X,,Not globally threatened,,,,1,,
Anseriformes,"Anatidae (Ducks, Geese, and Waterfowl)",Orinoco Goose,Neochen jubata,61–66,Non-excavator,10,Facultative,,,X,,Not globally threatened,,,1,,,
Anseriformes,"Anatidae (Ducks, Geese, and Waterfowl)",Radjah Shelduck,Radjah radjah,48.5–61,Non-excavator,10,Obligate,,,X,,Not globally threatened,,,,,,1
Anseriformes,"Anatidae (Ducks, Geese, and Waterfowl)",Australian Shelduck,Tadorna tadornoides,55–72,Non-excavator,10,Facultative,,,X,,Not globally threatened,,,,,,1
Anseriformes,"Anatidae (Ducks, Geese, and Waterfowl)",Ruddy Shelduck,Tadorna ferruginea,61–71,Non-excavator,10,Facultative,,,X,,Not globally threatened,,1,,1,1,
Anseriformes,"Anatidae (Ducks, Geese, and Waterfowl)",Common Shelduck ,Tadorna tadorna,58–67,Non-excavator,10,Facultative,,,X,,Not globally threatened,,1,,,1,
Anseriformes,"Anatidae (Ducks, Geese, and Waterfowl)",Paradise Shelduck,Tadorna variegata,63–71,Non-excavator,10,Facultative,,,X,,Not globally threatened,,,,,,1
Anseriformes,"Anatidae (Ducks, Geese, and Waterfowl)",Crested Shelduck,Tadorna cristata,60–63,Non-excavator,10,Facultative,,,X,,Critically Endangered,,1,,,,
Anseriformes,"Anatidae (Ducks, Geese, and Waterfowl)",Maned Duck,Chenonetta jubata,44–56,Non-excavator,10,Obligate,,,X,,Not globally threatened,,,,,,1
Anseriformes,"Anatidae (Ducks, Geese, and Waterfowl)",Muscovy Duck,Cairina moschata,66–84,Non-excavator,10,Obligate,,,X,,Not globally threatened,1,,1,,,
Anseriformes,"Anatidae (Ducks, Geese, and Waterfowl)",Ashy-headed Goose,Chloephaga poliocephala,50–60,Non-excavator,10,Facultative,,,X,,Not globally threatened,,,1,,,
Anseriformes,"Anatidae (Ducks, Geese, and Waterfowl)",Green Pygmy-goose ,Nettapus pulchellus,30–36,Non-excavator,10,Obligate,,,X,,Not globally threatened,,,,,,1
Anseriformes,"Anatidae (Ducks, Geese, and Waterfowl)",Cotton Pygmy-goose,Nettapus coromandelianus,30–38,Non-excavator,10,Facultative,,,X,,Not globally threatened,,1,,,1,1
Anseriformes,"Anatidae (Ducks, Geese, and Waterfowl)",African Pygmy-goose,Nettapus auritus,27–33,Non-excavator,10,Facultative,,X,X,Picidae and Lybiidae,Not globally threatened,,,,1,,
Anseriformes,"Anatidae (Ducks, Geese, and Waterfowl)",Wood Duck,Aix sponsa,43–54,Non-excavator,10,Obligate,,X,,Picidae (Dryocopus pileatus and Picoides borealis),Not globally threatened,1,,,,,
Anseriformes,"Anatidae (Ducks, Geese, and Waterfowl)",Mandarin Duck,Aix galericulata,41–51,Non-excavator,10,Facultative,,X,X,Picidae,Not globally threatened,,1,,,,
Anseriformes,"Anatidae (Ducks, Geese, and Waterfowl)",Brazilian Teal,Amazonetta brasiliensis,35–40,Non-excavator,10,Facultative,X,,X,,Not globally threatened,,,1,,,
Anseriformes,"Anatidae (Ducks, Geese, and Waterfowl)",American Black Duck,Anas rubripes,53–61,Non-excavator,10,Facultative,,,X,,Not globally threatened,1,,,,,
Anseriformes,"Anatidae (Ducks, Geese, and Waterfowl)",Mallard,Anas platyrhynchos,50-70,Non-excavator,10,Facultative,,,X,,Not globally threatened,1,1,,,,
Anseriformes,"Anatidae (Ducks, Geese, and Waterfowl)",Mottled Duck,Anas fulvigula,53–58,Non-excavator,10,Facultative,,,X,,Not globally threatened,1,,,,,
Anseriformes,"Anatidae (Ducks, Geese, and Waterfowl)",Pacific Black Duck,Anas superciliosa,47–61,Non-excavator,10,Facultative,,,X,,Not globally threatened,,,,,1,1
Anseriformes,"Anatidae (Ducks, Geese, and Waterfowl)",Yellow-billed Teal,Anas flavirostris,35–45,Non-excavator,10,Facultative,X,,X,,Not globally threatened,,,1,,,
Anseriformes,"Anatidae (Ducks, Geese, and Waterfowl)",Andaman Teal,Anas albogularis,37–47,Non-excavator,10,Facultative,,,X,,Vulnerable,,,,,1,
Anseriformes,"Anatidae (Ducks, Geese, and Waterfowl)",Chestnut Teal,Anas castanea,35–46,Non-excavator,10,Facultative,,,X,,Not globally threatened,,,,,,1
Anseriformes,"Anatidae (Ducks, Geese, and Waterfowl)",Grey Teal,Anas gracilis,37–47,Non-excavator,10,Facultative,,,X,,Not globally threatened,,,,,,1
Anseriformes,"Anatidae (Ducks, Geese, and Waterfowl)",Madagascar Teal,Anas bernieri,40,Non-excavator,10,Obligate,,,X,,Endangered,,,,1,,
Anseriformes,"Anatidae (Ducks, Geese, and Waterfowl)",Pink-eared Duck,Malacorhynchus membranaceus,36–45,Non-excavator,15,Facultative,,,X,,Not globally threatened,,,,,,1
Anseriformes,"Anatidae (Ducks, Geese, and Waterfowl)",Ringed Teal,Callonetta leucophrys,35–38,Non-excavator,10,Facultative,,,X,,Not globally threatened,,,1,,,
Anseriformes,"Anatidae (Ducks, Geese, and Waterfowl)",Australian Shoveler,Spatula rhynchotis,46–56,Non-excavator,15,Facultative,,,X,,not globally threatened,,,,,,1
Anseriformes,"Anatidae (Ducks, Geese, and Waterfowl)",White-winged Duck,Asarcornis scutulata,66–81,Non-excavator,10,Facultative,,,X,,Endangered,,,,,1,
Anseriformes,"Anatidae (Ducks, Geese, and Waterfowl)",Bufflehead,Bucephala albeola,32–40,Non-excavator,10,Facultative,,X,X,"Picidae (Colaptes spp., only rarely other species such as Dryocopus pileatus) ",Not globally threatened,1,,,,,
Anseriformes,"Anatidae (Ducks, Geese, and Waterfowl)",Common Goldeneye,Bucephala clangula,42–50,Non-excavator,10,Facultative,,X,X,Picidae (Dryocopus martius),Not globally threatened,1,1,,,,
Anseriformes,"Anatidae (Ducks, Geese, and Waterfowl)",Barrow's Goldeneye,Bucephala islandica,42–53,Non-excavator,10,Facultative,,X,X,Picidae (Dryocopus pileatus),Not globally threatened,1,1,,,,
Anseriformes,"Anatidae (Ducks, Geese, and Waterfowl)",Hooded Merganser,Lophodytes cucullatus,42–50,Non-excavator,10,Facultative,,X,X,Picidae,Not globally threatened,1,,,,,
Anseriformes,"Anatidae (Ducks, Geese, and Waterfowl)",Smew,Mergellus albellus,35–44,Non-excavator,10,Obligate,,X,X,Picidae (Dryocopus martius),Not globally threatened,1,1,,,,
Anseriformes,"Anatidae (Ducks, Geese, and Waterfowl)",Goosander,Mergus merganser,58–72,Non-excavator,10,Facultative,,X,X,Picidae (Dryocopus martius and Dryocopus pileatus),Not globally threatened,1,1,,,1,
Anseriformes,"Anatidae (Ducks, Geese, and Waterfowl)",Brazilian Merganser,Mergus octosetaceus,49–56,Non-excavator,10,Facultative,,,X,,Critically Endangered,,,1,,,
Anseriformes,"Anatidae (Ducks, Geese, and Waterfowl)",Scaly-sided Merganser,Mergus squamatus,52–62,Non-excavator,10,Obligate,,,X,,Endangered,,1,,,,
Galliformes,"Phasianidae (Pheasants, Grouse, and Allies)",Red-legged Partridge,Alectoris rufa,34–38,Non-excavator,10,Facultative,X,,X,,Not globally threatened,,1,,,,
Phaethontiformes,Phaethontidae (Tropicbirds),White-tailed Tropicbird ,Phaethon lepturus,70–82,Non-excavator,33,Facultative,X,,X,,Not globally threatened,1,,1,1,1,1
Columbiformes,Columbidae (Pigeons and Doves),Stock Dove,Columba oenas,32–34,Non-excavator,10,Facultative,,X,X,Picidae (Dryocopus martius),Not globally threatened,,1,,,,
Columbiformes,Columbidae (Pigeons and Doves),Japanese Woodpigeon,Columba janthina,37–43.5,Non-excavator,10,Facultative,,,X,,Not globally threatened,,1,,,,
Columbiformes,Columbidae (Pigeons and Doves),Pink Pigeon,Nesoenas mayeri,40,Non-excavator,10,Facultative,,,X,,Endangered,,,,1,,
Columbiformes,Columbidae (Pigeons and Doves),Diamond Dove,Geopelia cuneata,19–24,Non-excavator,10,Facultative,,,X,,Not globally threatened,,,,,,1
Gruiformes,"Rallidae (Rails, Gallinules, Coots",Buff-banded Rail,Hypotaenidia philippensis,25–33,Non-excavator,15,Facultative,X,,X,,Not globally threatened,,,,,1,1
Gruiformes,"Rallidae (Rails, Gallinules, Coots",Weka,Gallirallus australis,46–60,Non-excavator,10,Facultative,,,X,,Vulnerable,,,,,,1
Gruiformes,Psophiidae (Trumpeters),Ochre-winged Trumpeter,Psophia ochroptera,45–52,Non-excavator,10,Obligate,,,X,,Not globally threatened,,,1,,,
Gruiformes,Psophiidae (Trumpeters),Olive-winged Trumpeter ,Psophia dextralis,45–52,Non-excavator,Inferred,Obligate,,,X,,Endangered,,,1,,,
Gruiformes,Psophiidae (Trumpeters),White-winged Trumpeter,Psophia leucoptera,45–52,Non-excavator,39,Obligate,,,X,,Not globally threatened,,,1,,,
Gruiformes,Psophiidae (Trumpeters),Green-winged Trumpeter,Psophia viridis,45–52,Non-excavator,Inferred,Obligate,,,X,,Vulnerable,,,1,,,
Gruiformes,Psophiidae (Trumpeters),Grey-winged Trumpeter,Psophia crepitans,45–52,Non-excavator,10,Obligate,,,X,,Not globally threatened,,,1,,,
Gruiformes,Psophiidae (Trumpeters),Black-winged Trumpeter,Psophia obscura,45–52,Non-excavator,Inferred,Obligate,,,X,,Critically Endangered,,,1,,,
Strigiformes,Tytonidae (Barn-Owls),Minahassa Masked-owl ,Tyto inexspectata,27–31,Non-excavator,10,Unknown,,,X,,Vulnerable,,,,,1,
Strigiformes,Tytonidae (Barn-Owls),Lesser Sooty-owl,Tyto multipunctata,32–38,Non-excavator,10,Obligate,,,X,,Not globally threatened,,,,,,1
Strigiformes,Tytonidae (Barn-Owls),Australian Masked-ow,Tyto novaehollandiae,33–42,Non-excavator,10,Obligate,,,X,,Not globally threatened,,,,,,1
Strigiformes,Tytonidae (Barn-Owls),Golden Masked-owl,Tyto aurantia,27–33,Non-excavator,10,Unknown,,,X,,Vulnerable,,,,,,1
Strigiformes,Tytonidae (Barn-Owls),Seram Masked-owl,Tyto almae,31,Non-excavator,10,Unknown,,,X,,Not globally threatened,,,,,,1
Strigiformes,Tytonidae (Barn-Owls),Taliabu Masked-owl,Tyto nigrobrunnea,31,Non-excavator,10,Unknown,,,X,,Vulnerable,,,,,,1
Strigiformes,Tytonidae (Barn-Owls),Ashy-faced Owl,Tyto glaucops,27–33,Non-excavator,10,Facultative,,,X,,Not globally threatened,,,1,,,
Strigiformes,Tytonidae (Barn-Owls),Madagascar Red Owl,Tyto soumagnei,27–30,Non-excavator,10,Unknown,,,X,,Vulnerable,,,,1,,
Strigiformes,Tytonidae (Barn-Owls),Greater Sooty-owl,Tyto tenebricosa,37–43,Non-excavator,10,Facultative,,,X,,Not globally threatened,,,,,,1
Strigiformes,Tytonidae (Barn-Owls),Common Barn-owl,Tyto alba,29–44,Non-excavator,10,Facultative,,,X,,Not globally threatened,1,1,1,1,1,1
Strigiformes,Tytonidae (Barn-Owls),Sulawesi Masked-owl,Tyto rosenbergii,41–51,Non-excavator,10,Facultative,,,X,,Not globally threatened,,,,,1,
Strigiformes,Tytonidae (Barn-Owls),Eastern Grass-owl,Tyto longimembris,32–38,Non-excavator,50,Facultative,,,X,,Not globally threatened,,1,,,1,1
Strigiformes,Tytonidae (Barn-Owls),Oriental Bay-owl ,Phodilus badius,23–29,Non-excavator,10,Facultative,,,X,,Not globally threatened,,,,,1,
Strigiformes,Tytonidae (Barn-Owls),Sri Lanka Bay-owl,Phodilus assimilis,22–27,Non-excavator,10,Unknown,,,X,,Not globally threatened,,,,,1,
Strigiformes,Tytonidae (Barn-Owls),Congo Bay-owl,Phodilus prigoginei,23–25,Non-excavator,10,Unknown,,,X,,Endangered,,,,1,,
Strigiformes,Strigidae (Owls),Grand Comoro Scops-owl,Otus pauliani,15–20,Non-excavator,10,Obligate,,,X,,Critically Endangered,,,,1,,
Strigiformes,Strigidae (Owls),Madagascar Scops-owl,Otus rutilus,22–24,Non-excavator,10,Facultative,,,X,,Not globally threatened,,,,1,,
Strigiformes,Strigidae (Owls),Mindanao Lowland Scops-owl ,Otus everetti,22,Non-excavator,10,Unknown,,,X,,Not globally threatened,,,,,1,
Strigiformes,Strigidae (Owls),African Scops-owl ,Otus senegalensis,16–19 ,Non-excavator,10,Obligate,,X,X,Picidae,Not globally threatened,,,,1,,
Strigiformes,Strigidae (Owls),Luzon Lowland Scops-owl ,Otus megalotis,23–28 ,Non-excavator,10,Facultative,,,X,,Not globally threatened,,,,,1,
Strigiformes,Strigidae (Owls),Luzon Highland Scops-owl,Otus longicornis,19 ,Non-excavator,10,Obligate,,,X,,Not globally threatened,,,,,1,
Strigiformes,Strigidae (Owls),Annobon Scops-owl,Otus feae,18,Non-excavator,10,Unknown,,,X,,Critically Endangered,,,,1,,
Strigiformes,Strigidae (Owls),Flores Scops-owl,Otus alfredi,19–21,Non-excavator,10,Unknown,,,X,,Endangered,,,,,1,
Strigiformes,Strigidae (Owls),Eurasian Scops-owl ,Otus scops,16–20,Non-excavator,10,Facultative,,,X,,Not globally threatened,,1,,1,,
Strigiformes,Strigidae (Owls),White-fronted Scops-owl,Otus sagittatus,25–28,Non-excavator,10,Obligate,,,X,,Vulnerable,,,,,1,
Strigiformes,Strigidae (Owls),Andaman Scops-owl,Otus balli,18–19,Non-excavator,10,Obligate,,X,X,Picidae and Megalaimidae,Not globally threatened,,,,,1,
Strigiformes,Strigidae (Owls),Reddish Scops-owl,Otus rufescens,15–18,Non-excavator,10,Obligate,,X,X,Picidae and Megalaimidae,Not globally threatened,,,,,1,
Strigiformes,Strigidae (Owls),Serendib Scops-owl,Otus thilohoffmanni,16.5,Non-excavator,10,Unknown,,,X,,Endangered,,,,,1,
Strigiformes,Strigidae (Owls),Sandy Scops-owl,Otus icterorhynchus,18–20,Non-excavator,10,Unknown,,,X,,Not globally threatened,,,,1,,
Strigiformes,Strigidae (Owls),Sokoke Scops-owl,Otus ireneae,15–18,Non-excavator,10,Unknown,,,X,,Endangered,,,,1,,
Strigiformes,Strigidae (Owls),Mountain Scops-owl,Otus spilocephalus,17–21,Non-excavator,10,Obligate,,X,X,Picidae and Megalaimidae,Not globally threatened,,1,,,1,
Strigiformes,Strigidae (Owls),Javan Scops-owl,Otus angelinae,16–18,Non-excavator,10,Unknown,,,X,,Vulnerable,,,,,1,
Strigiformes,Strigidae (Owls),Mentawai Scops-owl,Otus mentawi,20,Non-excavator,10,Unknown,,,X,,Not globally threatened,,,,,1,
Strigiformes,Strigidae (Owls),Indian Scops-owl,Otus bakkamoena,20,Non-excavator,10,Facultative,,,X,,Not globally threatened,,,,,1,
Strigiformes,Strigidae (Owls),Collared Scops-owl,Otus lettia,23–25,Non-excavator,10,Obligate,,X,X,Picidae,Not globally threatened,,1,,,1,
Strigiformes,Strigidae (Owls),Giant Scops-owl,Otus gurneyi,30–35,Non-excavator,10,Unknown,,,X,,Vulnerable,,,,,1,
Strigiformes,Strigidae (Owls),Sunda Scops-owl,Otus lempiji,20,Non-excavator,10,Facultative,,,X,,Not globally threatened,,,,,1,
Strigiformes,Strigidae (Owls),Japanese Scops-owl,Otus semitorques,23–25 ,Non-excavator,10,Obligate,,,X,,Not globally threatened,,1,,,,
Strigiformes,Strigidae (Owls),Wallace's Scops-owl,Otus silvicola,23–25,Non-excavator,10,Unknown,,,X,,Not globally threatened,,,,,1,
Strigiformes,Strigidae (Owls),Palawan Scops-owl,Otus fuliginosus,19–20,Non-excavator,10,Unknown,,,X,,Not globally threatened,,,,,1,
Strigiformes,Strigidae (Owls),Mindoro Scops-owl,Otus mindorensis,18–19,Non-excavator,10,Unknown,,,X,,Not globally threatened,,,,,1,
Strigiformes,Strigidae (Owls),Moluccan Scops-owl,Otus magicus,23–25 ,Non-excavator,10,Unknown,,,X,,Not globally threatened,,,,,1,1
Strigiformes,Strigidae (Owls),Rinjani Scops-owl,Otus jolandae,22,Non-excavator,10,Unknown,,,X,,Not globally threatened,,,,,1,
Strigiformes,Strigidae (Owls),Mantanani Scops-owl,Otus mantananensis,18–20 ,Non-excavator,10,Obligate,,,X,,Not globally threatened,,,,,1,
Strigiformes,Strigidae (Owls),Ryukyu Scops-owl,Otus elegans, 20,Non-excavator,10,Obligate,,X,X,Picidae,Not globally threatened,,,,,1,
Strigiformes,Strigidae (Owls),Sulawesi Scops-owl,Otus manadensis,19–23,Non-excavator,10,Unknown,,,X,,Not globally threatened,,,,,1,
Strigiformes,Strigidae (Owls),Sangihe Scops-owl,Otus collari,19.5,Non-excavator,10,Unknown,,,X,,Not globally threatened,,,,,1,
Strigiformes,Strigidae (Owls),Biak Scops-owl,Otus beccarii,20,Non-excavator,10,Unknown,,,X,,Vulnerable,,,,,,1
Strigiformes,Strigidae (Owls),Simeulue Scops-owl,Otus umbra,16–18,Non-excavator,10,Unknown,,,X,,Not globally threatened,,,,,1,
Strigiformes,Strigidae (Owls),Enggano Scops-owl,Otus enganensis,16–20,Non-excavator,10,Unknown,,,X,,Not globally threatened,,,,,1,
Strigiformes,Strigidae (Owls),Nicobar Scops-owl,Otus alius,19–20,Non-excavator,10,Unknown,,,X,,Not globally threatened,,,,,1,
Strigiformes,Strigidae (Owls),Pemba Scops-owl,Otus pembaensis,16,Non-excavator,10,Unknown,,,X,,Vulnerable,,,,1,,
Strigiformes,Strigidae (Owls),Pallid Scops-owl,Otus brucei,21,Non-excavator,10,Facultative,,X,,Picidae,Not globally threatened,,1,,,1,
Strigiformes,Strigidae (Owls),Moheli Scops-owl,Otus moheliensis,22,Non-excavator,10,Unknown,,,X,,Critically Endangered,,,,1,,
Strigiformes,Strigidae (Owls),Seychelles Scops-owl,Otus insularis,20,Non-excavator,10,Obligate,,,X,,Endangered,,,,1,,
Strigiformes,Strigidae (Owls),Oriental Scops-owl,Otus sunia,18–21,Non-excavator,10,Facultative,,,X,,Not globally threatened,,1,,,1,
Strigiformes,Strigidae (Owls),Socotra Scops-owl,Otus socotranus,15–16,Non-excavator,10,Unknown,,,X,,Not globally threatened,,,,1,,
Strigiformes,Strigidae (Owls),Anjouan Scops-owl,Otus capnodes,22,Non-excavator,10,Unknown,,,X,,Critically Endangered,,,,1,,
Strigiformes,Strigidae (Owls),Mayotte Scops-owl,Otus mayottensis,24 ,Non-excavator,10,Unknown,,,X,,Not globally threatened,,,,1,,
Strigiformes,Strigidae (Owls),Visayan Scops-owl,Otus nigrorum,20,Non-excavator,Inferred,Obligate,,,X,,Vulnerable,,,,,1,
Strigiformes,Strigidae (Owls),Rajah Scops-owl ,Otus brookii, 23,Non-excavator,Inferred,Obligate,,,X,,Not Globally Threatened,,,,,1,
Strigiformes,Strigidae (Owls),Arabian Scops-owl ,Otus pamelae,18,Non-excavator,Inferred,Obligate,,,X,,Not Globally Threatened,,1,,,,
Strigiformes,Strigidae (Owls),Sao Tome Scops-owl ,Otus hartlaubi,16–19,Non-excavator,Inferred,Obligate,,,X,,Vulnerable,,,,1,,
Strigiformes,Strigidae (Owls),Mindanao Highland Scops-owl,Otus mirus,19–20,Non-excavator,Inferred,Obligate,,,X,,Not Globally Threatened,,,,,1,
Strigiformes,Strigidae (Owls),Siau Scops-owl,Otus siaoensis,19,Non-excavator,Inferred,Obligate,,,X,,Critically Endangered,,,,,1,
Strigiformes,Strigidae (Owls),Banggai Scops-owl,Otus mendeni,18,Non-excavator,Inferred,Obligate,,,X,,Vulnerable,,,,,1,
Strigiformes,Strigidae (Owls),Sula Scops-owl,Otus sulaensis,20,Non-excavator,Inferred,Obligate,,,X,,Not Globally Threatened,,,,,1,
Strigiformes,Strigidae (Owls),Wetar Scops-owl,Otus tempestatis,19–20,Non-excavator,Inferred,Obligate,,,X,,Not Globally Threatened,,,,,1,
Strigiformes,Strigidae (Owls),Flammulated Owl,Psiloscops flammeolus,15–17,Non-excavator,10,Obligate,,X,X,Picidae,Not globally threatened,1,,1,,,
Strigiformes,Strigidae (Owls),Bare-legged Screech-owl,Margarobyas lawrencii,20–23,Non-excavator,10,Facultative,,X,X,Picidae,Not globally threatened,,,1,,,
Strigiformes,Strigidae (Owls),Peruvian Screech-owl ,Megascops roboratus, 20–22 ,Non-excavator,10; 13,Obligate,,,,,Not globally threatened,,,1,,,
Strigiformes,Strigidae (Owls),Yungas Screech-owl,Megascops hoyi,24,Non-excavator,10,Obligate,,X,,Picidae,Not globally threatened,,,1,,,
Strigiformes,Strigidae (Owls),Eastern Screech-owl ,Megascops asio,16–25,Non-excavator,10,Facultative,,X,X,Picidae,Not globally threatened,1,,,,,
Strigiformes,Strigidae (Owls),Pacific Screech-owl ,Megascops cooperi,20–25.5,Non-excavator,10,Obligate,,X,X,Picidae,Not globally threatened,1,,,,,
Strigiformes,Strigidae (Owls),Long-tufted Screech-owl ,Megascops sanctaecatarinae,24–27,Non-excavator,10,Obligate,,X,X,Picidae,Not globally threatened,,,1,,,
Strigiformes,Strigidae (Owls),Whiskered Screech-owl ,Megascops trichopsis,16–19,Non-excavator,10,Obligate,,X,X,Picidae (Colaptes spp.),Not globally threatened,1,,1,,,
Strigiformes,Strigidae (Owls),Guatemalan Screech-owl,Megascops guatemalae,20–23,Non-excavator,10,Obligate,,X,X,Picidae and Trogoniformes,Not globally threatened,1,,1,,,
Strigiformes,Strigidae (Owls),Western Screech-owl,Megascops kennicottii,21–24,Non-excavator,10,Obligate,,X,X,Picidae (Colaptes spp.),Not globally threatened,1,,,,,
Strigiformes,Strigidae (Owls),Balsas Screech-owl,Megascops seductus,24–26,Non-excavator,Inferred,Obligate,,,,,Not globally threatened,,,1,,,
Strigiformes,Strigidae (Owls),Tropical Screech-owl,Megascops choliba,20–24,Non-excavator,5; 10,Facultative,,X,X,Picidae,Not globally threatened,,,1,,,
Strigiformes,Strigidae (Owls),Koepcke's Screech-owl,Megascops koepckeae, 24,Non-excavator,Inferred,Facultative,,,,,Not globally threatened,,,1,,,
Strigiformes,Strigidae (Owls),Bearded Screech-owl,Megascops barbarus,16–20,Non-excavator,Inferred,Obligate,,,X,,Vulnerable,,,1,,,
Strigiformes,Strigidae (Owls),Colombian Screech-owl,Megascops colombianus,26–28,Non-excavator,Inferred,Obligate,,,X,,Not globally threatened,,,1,,,
Strigiformes,Strigidae (Owls),Rufescent Screech-owl,Megascops ingens,24–28,Non-excavator,Inferred,Obligate,,,X,,Not globally threatened,,,1,,,
Strigiformes,Strigidae (Owls),Cinnamon Screech-owl,Megascops petersoni,21,Non-excavator,10; 12,Obligate,,,X,,Not globally threatened,,,1,,,
Strigiformes,Strigidae (Owls),Tawny-bellied Screech-owl,Megascops watsonii,19–24,Non-excavator,10,Obligate,,,X,,Not globally threatened,,,1,,,
Strigiformes,Strigidae (Owls),Black-capped Screech-owl,Megascops atricapilla,23–24,Non-excavator,10,Obligate,,X,X,Picidae,Not globally threatened,,,1,,,
Strigiformes,Strigidae (Owls),Vermiculated Screech-owl,Megascops vermiculatus,20–23,Non-excavator,10,Obligate,,,X,,Not globally threatened,,,1,,,
Strigiformes,Strigidae (Owls),Bare-shanked Screech-owl,Megascops clarkii,20–25,Non-excavator,10,Obligate,,,X,,Not globally threatened,,,1,,,
Strigiformes,Strigidae (Owls),Puerto Rican Screech-owl,Megascops nudipes,23–25 ,Non-excavator,Inferred,Facultative,,,,,Not globally threatened,,,1,,,
Strigiformes,Strigidae (Owls),Cloudforest Screech-owl,Megascops marshalli,20–23,Non-excavator,Inferred,Obligate,,,,,Not Globally Threatened,,,1,,,
Strigiformes,Strigidae (Owls),White-throated Screech-owl,Megascops albogularis,19–25,Non-excavator,10,Facultative,,,X,,Not globally threatened,,,1,,,
Strigiformes,Strigidae (Owls),Palau Owl,Pyrroglaux podargina,22,Non-excavator,10,Obligate,,,X,,Not globally threatened,,,,,1,
Strigiformes,Strigidae (Owls),Northern White-faced Owl,Ptilopsis leucotis,25,Non-excavator,10,Facultative,,,X,,Not globally threatened,,,,1,,
Strigiformes,Strigidae (Owls),Southern White-faced Owl,Ptilopsis granti,22–24,Non-excavator,10,Facultative,,,X,,Not globally threatened,,,,1,,
Strigiformes,Strigidae (Owls),Crested Owl,Lophostrix cristata,36–43,Non-excavator,10,Obligate,,,X,,Not globally threatened,,,1,,,
Strigiformes,Strigidae (Owls),Maned Owl,Jubula lettii, 40,Non-excavator,Inferred,Unknown,,,,,Not globally threatened,,,,1,,
Strigiformes,Strigidae (Owls),Spectacled Owl ,Pulsatrix perspicillata,43–52 ,Non-excavator,10,Obligate,,,X,,Not globally threatened,,,1,,,
Strigiformes,Strigidae (Owls),Tawny-browed Owl,Pulsatrix koeniswaldiana, 44,Non-excavator,10,Obligate,,,X,,Not globally threatened,,,1,,,
Strigiformes,Strigidae (Owls),Band-bellied Owl,Pulsatrix melanota,48,Non-excavator,Inferred,Unknown,,,,,Not globally threatened,,,1,,,
Strigiformes,Strigidae (Owls),Blakiston's Eagle-owl,Bubo blakistoni,60–72,Non-excavator,10,Facultative,,,X,,Endangered,,1,,,,
Strigiformes,Strigidae (Owls),Great Horned Owl,Bubo virginianus,51,Non-excavator,10,Facultative,,,X,,Not globally threatened,1,,1,,,
Strigiformes,Strigidae (Owls),Eurasian Eagle-owl,Bubo bubo,60–75,Non-excavator,10,Facultative,X,,X,,Not globally threatened,,1,,,,
Strigiformes,Strigidae (Owls),Pharaoh Eagle-owl,Bubo ascalaphus,46–50,Non-excavator,10,Facultative,,,X,,Not globally threatened,,1,,1,,
Strigiformes,Strigidae (Owls),Spotted Eagle-owl,Bubo africanus,45,Non-excavator,10,Facultative,X,,X,,Not globally threatened,,,,1,,
Strigiformes,Strigidae (Owls),Fraser's Eagle-owl,Bubo poensis,39–48,Non-excavator,10,Facultative,,,X,,Not globally threatened,,,,1,,
Strigiformes,Strigidae (Owls),Spot-bellied Eagle-owl,Bubo nipalensis,51–64,Non-excavator,10,Facultative,,,X,,Not globally threatened,,1,,,1,
Strigiformes,Strigidae (Owls),Barred Eagle-owl,Bubo sumatranus,40–46,Non-excavator,10,Facultative,,,X,,Not globally threatened,,,,,1,
Strigiformes,Strigidae (Owls),Magellanic Horned Owl,Bubo magellanicus,45,Non-excavator,1,Facultative,,,X,,Not globally threatened,,,1,,,
Strigiformes,Strigidae (Owls),Shelley's Eagle-owl,Bubo shelleyi,61,Non-excavator,Inferred,Unknown,,,,,Not globally threatened,,,,1,,
Strigiformes,Strigidae (Owls),Verreaux's Eagle-owl,Bubo lacteus,60–65,Non-excavator,10,Facultative,X,,X,,Not globally threatened,,,,1,,
Strigiformes,Strigidae (Owls),Philippine Eagle-owl,Bubo philippensis,40,Non-excavator,Inferred,Unknown,,,,,Vulnerable,,,,,1,
Strigiformes,Strigidae (Owls),Forest Owlet ,Heteroglaux blewitti,20–23,Non-excavator,10,Obligate,,,X,,Critically Endangered,,,,,1,
Strigiformes,Strigidae (Owls),Brown Fish-owl,Ketupa zeylonensis,48–58,Non-excavator,10,Facultative,,,X,,Not globally threatened,,1,,,1,
Strigiformes,Strigidae (Owls),Buffy Fish-owl,Ketupa ketupu,38–44 ,Non-excavator,10; 43,Facultative,,,X,,Not globally threatened,,,,,1,
Strigiformes,Strigidae (Owls),Pel's Fishing-owl,Scotopelia peli, 51–63,Non-excavator,10,Facultative,,,X,,Not globally threatened,,,,1,,
Strigiformes,Strigidae (Owls),Rufous Fishing-owl,Scotopelia ussheri,46–51,Non-excavator,Inferred,Unknown,,,,,Vulnerable,,,,1,,
Strigiformes,Strigidae (Owls),Baja Pygmy-owl,Glaucidium hoskinsii,15–16 ,Non-excavator,10,Obligate,,X,X,Picidae,Not globally threatened,1,,,,,
Strigiformes,Strigidae (Owls),Mountain Pygmy-owl ,Glaucidium gnoma,15–17,Non-excavator,10,Obligate,,X,X,Picidae,Not globally threatened,1,,1,,,
Strigiformes,Strigidae (Owls),Colima Pygmy-owl ,Glaucidium palmarum,13–15 ,Non-excavator,10,Obligate,,X,X,Picidae,Not globally threatened,1,,,,,
Strigiformes,Strigidae (Owls),Cuban Pygmy-owl ,Glaucidium siju,16–17,Non-excavator,10,Obligate,,,X,,Not globally threatened,,,1,,,
Strigiformes,Strigidae (Owls),Northern Pygmy-owl ,Glaucidium californicum,16–18,Non-excavator,10,Obligate,,X,X,Picidae,Not globally threatened,1,,,,,
Strigiformes,Strigidae (Owls),Guatemalan Pygmy-owl ,Glaucidium cobanense,16–18,Non-excavator,10,Obligate,,X,,Picidae,Not globally threatened,,,1,,,
Strigiformes,Strigidae (Owls),Andean Pygmy-owl ,Glaucidium jardinii,14.5–16 ,Non-excavator,10,Obligate,,X,X,Picidae,Not globally threatened,,,1,,,
Strigiformes,Strigidae (Owls),Tucuman Pygmy-owl,Glaucidium tucumanum,16–17.5,Non-excavator,10,Obligate,,X,,Picidae,Not globally threatened,,,1,,,
Strigiformes,Strigidae (Owls),Cloudforest Pygmy-owl,Glaucidium nubicola,16,Non-excavator,10,Obligate,,X,X,Picidae,Vulnerable,,,1,,,
Strigiformes,Strigidae (Owls),Sjostedt's Owlet ,Glaucidium sjostedti,20–25,Non-excavator,10,Obligate,,,X,,Not globally threatened,,,,1,,
Strigiformes,Strigidae (Owls),Eurasian Pygmy-owl,Glaucidium passerinum,16–17 ,Non-excavator,10,Obligate,,X,X,Picidae,Not globally threatened,,1,,,,
Strigiformes,Strigidae (Owls),Collared Owlet,Glaucidium brodiei,15–17,Non-excavator,10,Obligate,,X,,Lybiidae and Picidae,Not globally threatened,,1,,,1,
Strigiformes,Strigidae (Owls),Pearl-spotted Owlet,Glaucidium perlatum,17–20,Non-excavator,10,Obligate,,X,X,Lybiidae and Picidae,Not globally threatened,,,,1,,
Strigiformes,Strigidae (Owls),Costa Rican Pygmy-owl,Glaucidium costaricanum,15,Non-excavator,10,Obligate,,X,X,Picidae,Not globally threatened,,,1,,,
Strigiformes,Strigidae (Owls),Yungas Pygmy-owl,Glaucidium bolivianum, 16,Non-excavator,10,Obligate,,X,,Picidae,Not globally threatened,,,1,,,
Strigiformes,Strigidae (Owls),Subtropical Pygmy-owl,Glaucidium parkeri,14,Non-excavator,10,Obligate,,X,X,Picidae,Not globally threatened,,,1,,,
Strigiformes,Strigidae (Owls),Central American Pygmy-owl,Glaucidium griseiceps,13–18,Non-excavator,10,Obligate,,X,X,Picidae,Not globally threatened,,,1,,,
Strigiformes,Strigidae (Owls),Tamaulipas Pygmy-owl,Glaucidium sanchezi,13–18,Non-excavator,10,Obligate,,X,X,Picidae,Not globally threatened,1,,,,,
Strigiformes,Strigidae (Owls),Amazonian Pygmy-owl,Glaucidium hardyi,14,Non-excavator,10,Obligate,,X,X,Picidae,Not globally threatened,,,1,,,
Strigiformes,Strigidae (Owls),Pernambuco Pygmy-owl,Glaucidium mooreorum,13,Non-excavator,10,Obligate,,X,X,Picidae,Critically Endangered,,,1,,,
Strigiformes,Strigidae (Owls),Least Pygmy-owl,Glaucidium minutissimum,14–15 ,Non-excavator,10,Obligate,,X,X,Picidae,Not globally threatened,,,1,,,
Strigiformes,Strigidae (Owls),Ferruginous Pygmy-owl,Glaucidium brasilianum,15–19,Non-excavator,10,Facultative,,X,X,Picidae,Not globally threatened,1,,1,,,
Strigiformes,Strigidae (Owls),Austral Pygmy-owl,Glaucidium nana,17–22 ,Non-excavator,10,Obligate,,X,X,Picidae (Colaptes pitius and Picoides lignarius),Not globally threatened,,,1,,,
Strigiformes,Strigidae (Owls),Peruvian Pygmy-owl,Glaucidium peruanum,15–17,Non-excavator,10,Obligate,,X,X,Picidae,Not globally threatened,,,1,,,
Strigiformes,Strigidae (Owls),Red-chested Owlet,Glaucidium tephronotum,17–18,Non-excavator,10,Obligate,,,X,,Not globally threatened,,,,1,,
Strigiformes,Strigidae (Owls),Asian Barred Owlet,Glaucidium cuculoides,22–25,Non-excavator,10,Obligate,,X,X,Lybiidae and Picidae,Not globally threatened,,1,,,1,
Strigiformes,Strigidae (Owls),Javan Owlet,Glaucidium castanopterum,24,Non-excavator,10,Obligate,,X,X,Picidae,Not globally threatened,,,,,1,
Strigiformes,Strigidae (Owls),Jungle Owlet,Glaucidium radiatum,20–24,Non-excavator,10,Obligate,,,X,,Not globally threatened,,,,,1,
Strigiformes,Strigidae (Owls),Chestnut-backed Owlet,Glaucidium castanotum,19 ,Non-excavator,10,Obligate,,X,X,Picidae and Megalaimidae,Not globally threatened,,,,,1,
Strigiformes,Strigidae (Owls),African Barred Owlet,Glaucidium capense,20–22,Non-excavator,10,Obligate,,X,X,Picidae and Lybiidae,Not globally threatened,,,,1,,
Strigiformes,Strigidae (Owls),Chestnut Owlet,Glaucidium castaneum,20–22,Non-excavator,10,Obligate,,,X,,Not globally threatened,,,,1,,
Strigiformes,Strigidae (Owls),Albertine Owlet,Glaucidium albertinum,20,Non-excavator,10,Obligate,,,X,,Vulnerable,,,,1,,
Strigiformes,Strigidae (Owls),Long-whiskered Owlet,Xenoglaux loweryi,13–14,Non-excavator,Inferred,Unknown,,,,,Endangered,,,1,,,
Strigiformes,Strigidae (Owls),Elf Owl,Micrathene whitneyi,13–14,Non-excavator,10,Obligate,,X,,"Picidae (Melanerpes formicivorus, M. uropygialis, Colaptes auratus, and C. chrysoides)",Not globally threatened,1,,,,,
Strigiformes,Strigidae (Owls),White-browed Owl ,Athene superciliaris,23–28,Non-excavator,10,Facultative,,,X,,Not globally threatened,,,,1,,
Strigiformes,Strigidae (Owls),Spotted Owlet,Athene brama,19–21,Non-excavator,10; 31,Facultative,,,X,,Not globally threatened,,1,,,1,
Strigiformes,Strigidae (Owls),Little Owl,Athene noctua,21–23,Non-excavator,10,Facultative,,,X,,Not globally threatened,,1,,1,1,
Strigiformes,Strigidae (Owls),Mottled Owl,Ciccaba virgata,29–38,Non-excavator,10,Facultative,,,X,,Not globally threatened,1,,1,,,
Strigiformes,Strigidae (Owls),Black-and-white Owl,Ciccaba nigrolineata,33–45,Non-excavator,10,Facultative,,,X,,Not globally threatened,,,1,,,
Strigiformes,Strigidae (Owls),Black-banded Owl,Ciccaba huhula,34,Non-excavator,Inferred,Unknown,,,,,Not globally threatened,,,1,,,
Strigiformes,Strigidae (Owls),Rufous-banded Owl,Ciccaba albitarsis,30–36,Non-excavator,Inferred,Unknown,,,,,Not globally threatened,,,1,,,
Strigiformes,Strigidae (Owls),Northern Hawk-owl ,Surnia ulula,36–39 ,Non-excavator,10,Facultative,,,X,,Not globally threatened,1,1,,,1,
Strigiformes,Strigidae (Owls),Spotted Owl ,Strix occidentalis,41–48,Non-excavator,10,Facultative,,,X,,Not globally threatened,1,,,,,
Strigiformes,Strigidae (Owls),African Wood-owl,Strix woodfordii,30–36,Non-excavator,10,Facultative,,,X,,Not globally threatened,,,,1,,
Strigiformes,Strigidae (Owls),Hume’s Owl,Strix butleri,30–35,Non-excavator,Inferred,Unknown,,,,,Not globally threatened,,1,,,,
Strigiformes,Strigidae (Owls),Spotted Wood-owl,Strix seloputo,45–47,Non-excavator,10,Obligate,,,X,,Not globally threatened,,,,,1,
Strigiformes,Strigidae (Owls),Mottled Wood-owl,Strix ocellata,40–48,Non-excavator,10,Facultative,,,X,,Not globally threatened,,,,,1,
Strigiformes,Strigidae (Owls),Brown Wood-owl,Strix leptogrammica,40–55,Non-excavator,10,Facultative,,,X,,Not globally threatened,,1,,,1,
Strigiformes,Strigidae (Owls),Great Grey Owl,Strix nebulosa,59–69,Non-excavator,10,Facultative,,,X,,Not globally threatened,1,1,,,,
Strigiformes,Strigidae (Owls),Tawny Owl,Strix aluco,37–39,Non-excavator,10,Facultative,,,X,,Not globally threatened,,1,,,1,
Strigiformes,Strigidae (Owls),Himalayan Owl,Strix nivicolum,35–40 ,Non-excavator,10,Facultative,,,X,,Not globally threatened,,1,,,1,
Strigiformes,Strigidae (Owls),Omani Owl,Strix omanensis,30–35,Non-excavator,Inferred,Unknown,,,,,Not globally threatened,,1,,,,
Strigiformes,Strigidae (Owls),Barred Owl,Strix varia,48-51,Non-excavator,10,Facultative,,,X,,Not globally threatened,1,,,,,
Strigiformes,Strigidae (Owls),Fulvous Owl,Strix fulvescens,38–48,Non-excavator,10,Obligate,,,X,,Not globally threatened,,,1,,,
Strigiformes,Strigidae (Owls),Rusty-barred Owl,Strix hylophila,35,Non-excavator,10,Obligate,,,X,,Not globally threatened,,,1,,,
Strigiformes,Strigidae (Owls),Rufous-legged Owl,Strix rufipes,33–38,Non-excavator,10,Obligate,,X,X,Picidae (Campephilus magellanicus),Not globally threatened,,,1,,,
Strigiformes,Strigidae (Owls),Chaco Owl,Strix chacoensis,35–40 ,Non-excavator,10,Obligate,,,X,,Not globally threatened,,,1,,,
Strigiformes,Strigidae (Owls),Ural Owl,Strix uralensis,50–62,Non-excavator,10,Facultative,,,X,,Not globally threatened,,1,,,,
Strigiformes,Strigidae (Owls),Northern Long-eared Owl,Asio otus,35–38 ,Non-excavator,10,Facultative,X,,X,,Not globally threatened,1,1,,1,1,
Strigiformes,Strigidae (Owls),Jamaican Owl,Pseudoscops grammicus,27–34,Non-excavator,10,Facultative,,,X,,Not globally threatened,,,1,,,
Strigiformes,Strigidae (Owls),Northern Saw-whet Owl ,Aegolius acadicus,18-21.5,Non-excavator,10,Facultative,,X,,Picidae,Not globally threatened,1,,,,,
Strigiformes,Strigidae (Owls),Boreal Owl,Aegolius funereus,21-28,Non-excavator,10,Obligate,,X,,"Picidae (Dryocopus pileatus, Colaptes auratus and Dryocopus martius)",Not globally threatened,,1,,,,
Strigiformes,Strigidae (Owls),Unspotted Saw-whet Owl,Aegolius ridgwayi,18–20,Non-excavator,10,Obligate,,X,,Picidae,Not globally threatened,,,1,,,
Strigiformes,Strigidae (Owls),Buff-fronted Owl,Aegolius harrisii,20–21,Non-excavator,10,Obligate,,X,X,Aratinga,Not globally threatened,,,1,,,
Strigiformes,Strigidae (Owls),West Solomons Boobook ,Ninox jacquinoti,26–31,Non-excavator,10,Unknown,,,X,,Not globally threatened,,,,,,1
Strigiformes,Strigidae (Owls),Tasmanian Boobook,Ninox leucopsis,28–30 ,Non-excavator,10,Unknown,,,X,,Not globally threatened,,,,,,1
Strigiformes,Strigidae (Owls),Morepork,Ninox novaeseelandiae,26–29 ,Non-excavator,10,Facultative,,,X,,Not globally threatened,,,,,,1
Strigiformes,Strigidae (Owls),Powerful Owl ,Ninox strenua,48–65,Non-excavator,10,Obligate,,,X,,Not globally threatened,,,,,,1
Strigiformes,Strigidae (Owls),Romblon Boobook ,Ninox spilonotus,26,Non-excavator,Inferred,Obligate,,,X,,Vulnerable,,,,,1,
Strigiformes,Strigidae (Owls),Buru Boobook,Ninox hantu,25–36,Non-excavator,Inferred,Obligate,,,X,,Not Globally Threatened,,,,,1,
Strigiformes,Strigidae (Owls),Seram Boobook,Ninox squamipila,25–36,Non-excavator,Inferred,Obligate,,,X,,Not Globally Threatened,,,,,1,
Strigiformes,Strigidae (Owls),Guadalcanal Boobook,Ninox granti,24,Non-excavator,Inferred,Obligate,,,X,,Vulnerable,,,,,,1
Strigiformes,Strigidae (Owls),Malaita Boobook,Ninox malaitae,22,Non-excavator,Inferred,Obligate,,,X,,Vulnerable,,,,,,1
Strigiformes,Strigidae (Owls),Makira Boobook,Ninox roseoaxillaris,21,Non-excavator,Inferred,Obligate,,,X,,Vulnerable,,,,,,1
Strigiformes,Strigidae (Owls),Sumba Boobook,Ninox rudolfi,30–36,Non-excavator,10,Unknown,,,X,,Not globally threatened,,,,,1,
Strigiformes,Strigidae (Owls),Andaman Boobook,Ninox affinis,21–28,Non-excavator,10,Unknown,,,X,,Not globally threatened,,,,,1,
Strigiformes,Strigidae (Owls),Southern Boobook,Ninox boobook,27–36,Non-excavator,10,Facultative,,,X,,Not globally threatened,,,,,1,1
Strigiformes,Strigidae (Owls),Least Boobook,Ninox sumbaensis, 23,Non-excavator,10,Unknown,,,X,,Not globally threatened,,,,,1,
Strigiformes,Strigidae (Owls),Hume's Boobook,Ninox obscura,26–30,Non-excavator,10,Unknown,,,X,,Not globally threatened,,,,,1,
Strigiformes,Strigidae (Owls),Northern Boobook,Ninox japonica,29–33,Non-excavator,10,Unknown,,,X,,Not globally threatened,,1,,,1,
Strigiformes,Strigidae (Owls),Chocolate Boobook,Ninox randi,27–33,Non-excavator,10,Unknown,,,X,,Not globally threatened,,,,,1,
Strigiformes,Strigidae (Owls),Luzon Boobook,Ninox philippensis,15–20,Non-excavator,10,Obligate,,,X,,Not globally threatened,,,,,1,
Strigiformes,Strigidae (Owls),Mindanao Boobook,Ninox spilocephala,18,Non-excavator,10,Unknown,,,X,,Not globally threatened,,,,,1,
Strigiformes,Strigidae (Owls),Mindoro Boobook,Ninox mindorensis,20,Non-excavator,10,Unknown,,,X,,Vulnerable,,,,,1,
Strigiformes,Strigidae (Owls),Cebu Boobook,Ninox rumseyi,25,Non-excavator,10,Unknown,,,X,,Endangered,,,,,1,
Strigiformes,Strigidae (Owls),Camiguin Boobook,Ninox leventisi, 25,Non-excavator,10,Unknown,,,X,,Not globally threatened,,,,,1,
Strigiformes,Strigidae (Owls),Sulu Boobook,Ninox reyi,19–20,Non-excavator,10,Unknown,,,X,,Vulnerable,,,,,1,
Strigiformes,Strigidae (Owls),Ochre-bellied Boobook,Ninox ochracea,25–29,Non-excavator,10,Unknown,,,X,,Not globally threatened,,,,,1,
Strigiformes,Strigidae (Owls),Togian Boobook,Ninox burhani,25,Non-excavator,10,Unknown,,,X,,Not globally threatened,,,,,1,
Strigiformes,Strigidae (Owls),Cinnabar Boobook,Ninox ios,22,Non-excavator,10,Unknown,,,X,,Vulnerable,,,,,1,
Strigiformes,Strigidae (Owls),Halmahera Boobook,Ninox hypogramma,39,Non-excavator,10,Unknown,,,X,,Not globally threatened,,,,,1,
Strigiformes,Strigidae (Owls),Tanimbar Boobook,Ninox forbesi,30 ,Non-excavator,10,Unknown,,,X,,Not globally threatened,,,,,1,
Strigiformes,Strigidae (Owls),Papuan Boobook,Uroglaux dimorpha,30–33,Non-excavator,10,Unknown,,,X,,Not assessed,,,,,,1
Strigiformes,Strigidae (Owls),Manus Boobook,Ninox meeki,25–31,Non-excavator,10,Unknown,,,X,,Not globally threatened,,,,,,1
Strigiformes,Strigidae (Owls),Speckled Boobook,Ninox punctulata,27,Non-excavator,10,Unknown,,,X,,Not globally threatened,,,,,1,
Strigiformes,Strigidae (Owls),Bismarck Boobook,Ninox variegata,23–30,Non-excavator,10,Unknown,,,X,,Not globally threatened,,,,,,1
Strigiformes,Strigidae (Owls),New Britain Boobook,Ninox odiosa,20–23,Non-excavator,10,Unknown,,,X,,Not globally threatened,,,,,,1
Strigiformes,Strigidae (Owls),Rufous Owl ,Ninox rufa,40–52,Non-excavator,10,Obligate,,,X,,Not globally threatened,,,,,,1
Strigiformes,Strigidae (Owls),Brown Boobook ,Ninox scutulata,27–33,Non-excavator,10,Obligate,,,X,,Not globally threatened,,1,,,1,
Strigiformes,Strigidae (Owls),Christmas Boobook,Ninox natalis,26–29,Non-excavator,10,Obligate,,,X,,Not globally threatened,,,,,1,
Strigiformes,Strigidae (Owls),Jungle Boobook,Ninox theomacha,20–28,Non-excavator,10,Obligate,,,X,,Not globally threatened,,,,,,1
Strigiformes,Strigidae (Owls),Barking Owl ,Ninox connivens,38–44,Non-excavator,10,Facultative,,,X,,Not globally threatened,,,,,,1
Cathartiformes,Cathartidae (New World Vultures),American Black Vulture,Coragyps atratus,56–74,Non-excavator,10,Facultative,X,,X,,Not globally threatened,1,,1,,,
Cathartiformes,Cathartidae (New World Vultures),King Vulture,Sarcoramphus papa,71–81,Non-excavator,10,Facultative,X,,X,,Not globally threatened,,,1,,,
Cathartiformes,Cathartidae (New World Vultures),Turkey Vulture,Cathartes aura,62–81,Non-excavator,10,Facultative,X,,X,,Not globally threatened,1,,1,,,
Cathartiformes,Cathartidae (New World Vultures),Lesser Yellow-headed Vulture,Cathartes burrovianus,53–65,Non-excavator,37,Facultative,X,,X,,Not globally threatened,,,1,,,
Cathartiformes,Cathartidae (New World Vultures),Greater Yellow-headed Vulture,Cathartes melambrotus,64–76,Non-excavator,10,Facultative,X,,X,,Not globally threatened,,,1,,,
Caprimulgiformes,Aegothelidae (Owlet-nightjars),New Caledonian Owlet-nightjar,Aegotheles savesi,28,Non-excavator,10,Obligate,,,X,,Critically Endangered,,,,,,1
Caprimulgiformes,Aegothelidae (Owlet-nightjars),Australian Owlet-nightjar,Aegotheles cristatus,21–25,Non-excavator,10,Obligate,,,X,,Not globally threatened,,,,,,1
Caprimulgiformes,Aegothelidae (Owlet-nightjars),Moluccan Owlet-nightjar,Aegotheles crinifrons,29,Non-excavator,Inferred,Obligate,,,X,,Not Globally Threatened,,,,,,1
Caprimulgiformes,Aegothelidae (Owlet-nightjars),Feline Owlet-nightjar,Aegotheles insignis,28–30,Non-excavator,Inferred,Obligate,,,X,,Not Globally Threatened,,,,,,1
Caprimulgiformes,Aegothelidae (Owlet-nightjars),Allied Owlet-nightjar,Aegotheles affinis,23,Non-excavator,Inferred,Obligate,,,X,,Not assessed,,,,,,1
Caprimulgiformes,Aegothelidae (Owlet-nightjars),Spangled Owlet-nightjar,Aegotheles tatei,25,Non-excavator,Inferred,Obligate,,,X,,Not assessed,,,,,,1
Caprimulgiformes,Aegothelidae (Owlet-nightjars),Barred Owlet-nightjar,Aegotheles bennettii,20–23,Non-excavator,Inferred,Obligate,,,X,,Not globally threatened,,,,,,1
Caprimulgiformes,Aegothelidae (Owlet-nightjars),Wallace's Owlet-nightjar,Aegotheles wallacii,20–23,Non-excavator,Inferred,Obligate,,,X,,Not globally threatened,,,,,,1
Caprimulgiformes,Aegothelidae (Owlet-nightjars),Archbold's Owlet-nightjar,Aegotheles archboldi,18–20,Non-excavator,Inferred,Obligate,,,X,,Not globally threatened,,,,,,1
Caprimulgiformes,Aegothelidae (Owlet-nightjars),Mountain Owlet-nightjar,Aegotheles albertisi,18–20,Non-excavator,Inferred,Obligate,,,X,,Not globally threatened,,,,,,1
Caprimulgiformes,Nyctibiidae (Potoos),Common Potoo,Nyctibius griseus,33–38,Non-excavator,10,Obligate,,,X,,Not globally threatened,,,1,,,
Caprimulgiformes,Nyctibiidae (Potoos),Great Potoo,Nyctibius grandis,45–57,Non-excavator,10,Facultative,,,X,,Not globally threatened,,,1,,,
Caprimulgiformes,Apodidae (Swifts),Cassin's Spinetail,Neafrapus cassini,15,Non-excavator,10,Unknown,,,X,,Not globally threatened,,,,1,,
Caprimulgiformes,Apodidae (Swifts),Mottled Spinetail,Telacanthura ussheri,14,Non-excavator,10,Facultative,,,X,,Not Globally Threatened,,,,1,,
Caprimulgiformes,Apodidae (Swifts),Black Spinetail,Telacanthura melanopygia,15–17,Non-excavator,10,Unknown,,,X,,Not globally threatened,,,,1,,
Caprimulgiformes,Apodidae (Swifts),Madagascar Spinetail,Zoonavena grandidieri,12,Non-excavator,10,Facultative,,,X,,Not globally threatened,,,,1,,
Caprimulgiformes,Apodidae (Swifts),Sao Tome Spinetail,Zoonavena thomensis,10,Non-excavator,10,Facultative,,,X,,Not globally threatened,,,,1,,
Caprimulgiformes,Apodidae (Swifts),Silver-rumped Spinetail,Rhaphidura leucopygialis,11,Non-excavator,10,Obligate,,,X,,Not globally threatened,,,,,1,
Caprimulgiformes,Apodidae (Swifts),Common Swift,Apus apus,16–18,Non-excavator,10; 47,Facultative,,X,X,Picidae (Dendrocopos major),Not globally threatened,,1,,,1,
Caprimulgiformes,Apodidae (Swifts),Chimney Swift,Chaetura pelagica,12–14,Non-excavator,10,Facultative,,X,X,Picidae (Dryocopus pileatus),Not globally threatened,1,,,,,
Caprimulgiformes,Apodidae (Swifts),Southern Swift,Chaetura meridionalis,11.5–13.5,Non-excavator,10,Facultative,,,X,,Not globally threatened,,,1,,,
Caprimulgiformes,Apodidae (Swifts),Vaux's Swift,Chaetura vauxi,12–13.5,Non-excavator,10,Facultative,,X,X,Picidae (Dryocopus pileatus),Not globally threatened,1,,1,,,
Caprimulgiformes,Apodidae (Swifts),Band-rumped Swift,Chaetura spinicaudus,10.5–12.6,Non-excavator,10,facultative,,,X,,Not globally threatened,,,1,,,
Caprimulgiformes,Apodidae (Swifts),Purple Needletail ,Hirundapus celebensis,25,Non-excavator,Inferred,Unknown,,,X,,Not globally threatened,,,,,1,
Caprimulgiformes,Apodidae (Swifts),Silver-backed Needletail,Hirundapus cochinchinensis,20,Non-excavator,Inferred,Unknown,,,X,,Not globally threatened,,,,,1,
Caprimulgiformes,Apodidae (Swifts),White-throated Needletail,Hirundapus caudacutus,19–20,Non-excavator,10,Facultative,,X,X,Picidae,Not globally threatened,,1,,,1,
Caprimulgiformes,Apodidae (Swifts),Brown-backed Needletail,Hirundapus giganteus,25,Non-excavator,10,Obligate,,X,X,Picidae,Not globally threatened,,,,,1,
Caprimulgiformes,Apodidae (Swifts),Whitehead's Swiftlet,Aerodramus whiteheadi,14,Non-excavator,10,Unknown,,,X,,Not assessed,,,,,,1
Caprimulgiformes,Apodidae (Swifts),Glossy Swiftlet,Collocalia esculenta,9–10,Non-excavator,10,Facultative,,,X,,Not globally threatened,,,,,1,1
Caprimulgiformes,Apodidae (Swifts),Papuan Spinetail,Mearnsia novaeguineae,11.5,Non-excavator,50,facultative,,,X,,Not globally threatened,,,,,,1
Cuculiformes,Cuculidae (Cuckoos),Pied Coucal,Centropus ateralbus,42–48,Non-excavator,50,facultative,,,X,,Not globally threatened,,,,,,1
Trogoniformes,Trogonidae (Trogons),Eared Quetzal,Euptilotis neoxenus,33–36,Facultative excavator,Inferred,Obligate,,X,X,Picidae ,Not globally threatened,1,,1,,,
Trogoniformes,Trogonidae (Trogons),Golden-headed Quetzal ,Pharomachrus auriceps,33–36,Facultative excavator,Inferred,Unknown,,X,X,,Not globally threatened,,,1,,,
Trogoniformes,Trogonidae (Trogons),Pavonine Quetzal,Pharomachrus pavoninus,33–34,Facultative excavator,Inferred,Unknown,,X,X,,Not globally threatened,,,1,,,
Trogoniformes,Trogonidae (Trogons),Resplendent Quetzal,Pharomachrus mocinno,36–40,Facultative excavator,40,Obligate,,X,X,,Not globally threatened,,,1,,,
Trogoniformes,Trogonidae (Trogons),White-tipped Quetzal,Pharomachrus fulgidus,33,Facultative excavator,Inferred,Unknown,,X,X,Picidae,Not globally threatened,,,1,,,
Trogoniformes,Trogonidae (Trogons),Crested Quetzal,Pharomachrus antisianus,33–34,Facultative excavator,Inferred,Obligate,,X,X,,Not globally threatened,,,1,,,
Trogoniformes,Trogonidae (Trogons),Cuban Trogon,Priotelus temnurus,23–25,Facultative excavator,Inferred,Obligate,,X,X,Picidae,Not globally threatened,,,1,,,
Trogoniformes,Trogonidae (Trogons),Hispaniolan Trogon,Temnotrogon roseigaster,27–30,Facultative excavator,Inferred,Obligate,,X,X,Picidae (Melanerpes striatus),Not globally threatened,,,1,,,
Trogoniformes,Trogonidae (Trogons),White-tailed Trogon ,Trogon chionurus,28–29 ,Facultative excavator,42,Facultative,,X,X,,Not globally threatened,,,1,,,
Trogoniformes,Trogonidae (Trogons),Lattice-tailed Trogon,Trogon clathratus,30,Facultative excavator,Inferred,Obligate,,X,X,,Not globally threatened,,,1,,,
Trogoniformes,Trogonidae (Trogons),Black-tailed Trogon,Trogon melanurus,28–30,Facultative excavator,Inferred,Facultative,,X,X,,Not globally threatened,,,1,,,
Trogoniformes,Trogonidae (Trogons),Green-backed Trogon,Trogon viridis,25–28,Facultative excavator,Inferred,Facultative,,X,X,,Not globally threatened,,,1,,,
Trogoniformes,Trogonidae (Trogons),Elegant Trogon,Trogon elegans,28–30,Facultative excavator,Inferred,Obligate,,X,X,,Not globally threatened,,,1,,,
Trogoniformes,Trogonidae (Trogons),Mountain Trogon,Trogon mexicanus,29–31,Facultative excavator,Inferred,Obligate,,X,X,,Not globally threatened,,,1,,,
Trogoniformes,Trogonidae (Trogons),Collared Trogon,Trogon collaris,25–29,Facultative excavator,Inferred,Obligate,,X,X,,Not globally threatened,,,1,,,
Trogoniformes,Trogonidae (Trogons),Coppery-tailed Trogon,Trogon ambiguus,28–30,Facultative excavator,Inferred,Obligate,,X,X,Picidae,Not globally threatened,1,,1,,,
Trogoniformes,Trogonidae (Trogons),Masked Trogon,Trogon personatus,25,Facultative excavator,Inferred,Obligate,,X,X,,Not globally threatened,,,1,,,
Trogoniformes,Trogonidae (Trogons),Southern Surucua Trogon,Trogon surrucura,26–28,Primary excavator,5,Facultative,,X,X,,Not globally threatened,,,1,,,
Trogoniformes,Trogonidae (Trogons),Northern Surucua Trogon,Trogon aurantius,28,Facultative excavator,Inferred,Unknown,,X,X,,Not globally threatened,,,1,,,
Trogoniformes,Trogonidae (Trogons),Ecuadorian Trogon,Trogon mesurus,30.5–32,Facultative excavator,Inferred,Unknown,,X,X,,Not globally threatened,,,1,,,
Trogoniformes,Trogonidae (Trogons),Slaty-tailed Trogon,Trogon massena,33–35,Facultative excavator,37,Facultative,,X,X,,Not globally threatened,,,1,,,
Trogoniformes,Trogonidae (Trogons),Violaceous Trogon,Trogon violaceus,23–25,Facultative excavator,Inferred,Facultative,,X,X,,Not globally threatened,,,1,,,
Trogoniformes,Trogonidae (Trogons),Black-throated Trogon,Trogon rufus,23–25,Facultative excavator,41,Facultative,,X,X,,Not globally threatened,,,1,,,
Trogoniformes,Trogonidae (Trogons),Baird's Trogon,Trogon bairdii,25–28,Facultative excavator,37,Obligate,,X,X,,Not globally threatened,,,1,,,
Trogoniformes,Trogonidae (Trogons),Choco Trogon,Trogon comptus,28,Facultative excavator,Inferred,Unknown,,X,X,,Not globally threatened,,,1,,,
Trogoniformes,Trogonidae (Trogons),Narina Trogon,Apaloderma narina,30–32,Facultative excavator,Inferred,Obligate,,X,X,,Not globally threatened,,,,1,,
Trogoniformes,Trogonidae (Trogons),Bare-cheeked Trogon,Apaloderma aequatoriale,28–31,Facultative excavator,Inferred,Unknown,,X,X,,Not globally threatened,,,,1,,
Trogoniformes,Trogonidae (Trogons),Bar-tailed Trogon,Apaloderma vittatum, 28–30,Facultative excavator,Inferred,Unknown,,X,X,,Not globally threatened,,,,1,,
Trogoniformes,Trogonidae (Trogons),Red-naped Trogon,Harpactes kasumba,32–34,Facultative excavator,Inferred,Unknown,,X,X,,Not globally threatened,,,,,1,
Trogoniformes,Trogonidae (Trogons),Diard's Trogon,Harpactes diardii,34 ,Facultative excavator,Inferred,Obligate,,X,X,,Not globally threatened,,,,,1,
Trogoniformes,Trogonidae (Trogons),Philippine Trogon,Harpactes ardens,29–30,Facultative excavator,Inferred,Obligate,,X,X,,Not globally threatened,,,,,1,
Trogoniformes,Trogonidae (Trogons),Red-headed Trogon ,Harpactes erythrocephalus,31–35,Facultative excavator,Inferred,Obligate,,X,X,Picidae,Not globally threatened,,1,,,1,
Trogoniformes,Trogonidae (Trogons),Cinnamon-rumped Trogon,Harpactes orrhophaeus,25 ,Facultative excavator,Inferred,Obligate,,X,X,,Not globally threatened,,,,,1,
Trogoniformes,Trogonidae (Trogons),Orange-breasted Trogon,Harpactes oreskios,25–26,Facultative excavator,Inferred,Obligate,,X,X,,Not globally threatened,,1,,,1,
Trogoniformes,Trogonidae (Trogons),Scarlet-rumped Trogon,Harpactes duvaucelii,23–24,Facultative excavator,Inferred,Unknown,,X,X,,Not globally threatened,,,,,1,
Trogoniformes,Trogonidae (Trogons),Malabar Trogon,Harpactes fasciatus,29–30,Facultative excavator,Inferred,Obligate,,X,X,,Not globally threatened,,,,,1,
Trogoniformes,Trogonidae (Trogons),Ward's Trogon,Harpactes wardi,35–38,Facultative excavator,Inferred,Unknown,,X,X,,Not globally threatened,,1,,,1,
Trogoniformes,Trogonidae (Trogons),Whitehead's Trogon,Harpactes whiteheadi,29–31,Facultative excavator,Inferred,Unknown,,X,X,,Not globally threatened,,,,,1,
Trogoniformes,Trogonidae (Trogons),Javan Trogon,Apalharpactes reinwardtii,34,Facultative excavator,Inferred,Unknown,,X,X,,Vulnerable,,,,,1,
Trogoniformes,Trogonidae (Trogons),Sumatran Trogon,Apalharpactes mackloti,30,Facultative excavator,Inferred,Unknown,,X,X,,Not globally threatened,,,,,1,
Bucerotiformes,Phoeniculidae (Woodhoopoes and Scimitar-bills),Black-billed Woodhoopoe ,Phoeniculus somaliensis,33–38,Non-excavator,10,Obligate,,X,X,Picidae,Not globally threatened,,,,1,,
Bucerotiformes,Phoeniculidae (Woodhoopoes and Scimitar-bills),Green Woodhoopoe,Phoeniculus purpureus,32.5–40,Non-excavator,10,Facultative,,X,X,Picidae and Lybiidae,Not globally threatened,,,,1,,
Bucerotiformes,Phoeniculidae (Woodhoopoes and Scimitar-bills),Violet Woodhoopoe,Phoeniculus damarensis,34.5–38,Non-excavator,10,Obligate,,,X,,Not globally threatened,,,,1,,
Bucerotiformes,Phoeniculidae (Woodhoopoes and Scimitar-bills),White-headed Woodhoopoe,Phoeniculus bollei,30–35.5,Non-excavator,10,Obligate,,X,X,Picidae and Lybiidae,Not globally threatened,,,,1,,
Bucerotiformes,Phoeniculidae (Woodhoopoes and Scimitar-bills),Forest Scimitarbill,Rhinopomastus castaneiceps,26–28,Non-excavator,10,Unknown,,,X,,Not globally threatened,,,,1,,
Bucerotiformes,Phoeniculidae (Woodhoopoes and Scimitar-bills),Abyssinian Scimitarbill ,Rhinopomastus minor,21–24,Non-excavator,10,Facultative,,,X,,Not globally threatened,,,,1,,
Bucerotiformes,Phoeniculidae (Woodhoopoes and Scimitar-bills),Common Scimitarbill ,Rhinopomastus cyanomelas,26–30,Non-excavator,10,Obligate,,X,X,Picidae and Lybiidae,Not globally threatened,,,,1,,
Bucerotiformes,Phoeniculidae (Woodhoopoes and Scimitar-bills),Black Scimitarbill,Rhinopomastus aterrimus,23,Non-excavator,10,Obligate,,,X,,Not globally threatened,,,,1,,
Bucerotiformes,Bucerotidae (Hornbills),Southern Ground-hornbill,Bucorvus leadbeateri,90–100,Non-excavator,10,Facultative,,,X,,Vulnerable,,,,1,,
Bucerotiformes,Bucerotidae (Hornbills),Dwarf Hornbill,Lophoceros camurus,30,Non-excavator,10,Facultative,,,X,,Not globally threatened,,,,1,,
Bucerotiformes,Bucerotidae (Hornbills),Congo Pied Hornbill,Lophoceros fasciatus,50,Non-excavator,10,Obligate,,,X,,Not globally threatened,,,,1,,
Bucerotiformes,Bucerotidae (Hornbills),Hemprich's Hornbill ,Lophoceros hemprichii,50–58,Non-excavator,10,Facultative,,,X,,Not globally threatened,,,,1,,
Bucerotiformes,Bucerotidae (Hornbills),African Grey Hornbill,Lophoceros nasutus,45–51,Non-excavator,10,Facultative,,X,X,Lybiidae,Not globally threatened,,,,1,,
Bucerotiformes,Bucerotidae (Hornbills),West African Pied Hornbill ,Lophoceros semifasciatus,45,Non-excavator,10,Obligate,,,X,,Not globally threatened,,,,1,,
Bucerotiformes,Bucerotidae (Hornbills),Crowned Hornbill,Lophoceros alboterminatus,50,Non-excavator,10,Obligate,,,X,,Not globally threatened,,,,1,,
Bucerotiformes,Bucerotidae (Hornbills),Bradfield's Hornbill,Lophoceros bradfieldi,50,Non-excavator,10,Facultative,,,X,,Not globally threatened,,,,1,,
Bucerotiformes,Bucerotidae (Hornbills),Pale-billed Hornbill,Lophoceros pallidirostris,43–50,Non-excavator,10,Obligate,,,X,,Not globally threatened,,,,1,,
Bucerotiformes,Bucerotidae (Hornbills),Damara Hornbill,Tockus damarensis,35,Non-excavator,10,Facultative,,X,X,Picidae and Lybiidae,Not globally threatened,,,,1,,
Bucerotiformes,Bucerotidae (Hornbills),Red-billed Hornbill,Tockus erythrorhynchus,35,Non-excavator,10,Facultative,,X,X,Picidae and Lybiidae,Not globally threatened,,,,1,,
Bucerotiformes,Bucerotidae (Hornbills),Southern Yellow-billed Hornbill ,Tockus leucomelas,40,Non-excavator,10,Obligate,,,X,,Not globally threatened,,,,,1,
Bucerotiformes,Bucerotidae (Hornbills),Eastern Yellow-billed Hornbill,Tockus flavirostris,40,Non-excavator,10,Facultative,,,X,,Not globally threatened,,,,1,,
Bucerotiformes,Bucerotidae (Hornbills),Jackson's Hornbill,Tockus jacksoni,35,Non-excavator,10,Facultative,,X,X,Picidae,Not globally threatened,,,,1,,
Bucerotiformes,Bucerotidae (Hornbills),Von der Decken's Hornbill,Tockus deckeni,35,Non-excavator,10,Facultative,,X,X,Picidae,Not globally threatened,,,,1,,
Bucerotiformes,Bucerotidae (Hornbills),Monteiro's Hornbill,Tockus monteiri,50,Non-excavator,10,Facultative,,,X,,Not globally threatened,,,,1,,
Bucerotiformes,Bucerotidae (Hornbills),White-crowned Hornbill,Berenicornis comatus,75–80,Non-excavator,10,Unknown,,,X,,Not globally threatened,,,,,1,
Bucerotiformes,Bucerotidae (Hornbills),Black-casqued Hornbill,Ceratogymna atrata,60–70 ,Non-excavator,10,Obligate,,,X,,Not globally threatened,,,,1,,
Bucerotiformes,Bucerotidae (Hornbills),Yellow-casqued Hornbill,Ceratogymna elata,60–70,Non-excavator,10,Obligate,,,X,,Vulnerable,,,,1,,
Bucerotiformes,Bucerotidae (Hornbills),Silvery-cheeked Hornbill,Bycanistes brevis,60–70,Non-excavator,10,Obligate,,,X,,Not globally threatened,,,,1,,
Bucerotiformes,Bucerotidae (Hornbills),Brown-cheeked Hornbill,Bycanistes cylindricus,60–70,Non-excavator,10,Obligate,,,X,,Vulnerable,,,,1,,
Bucerotiformes,Bucerotidae (Hornbills),White-thighed Hornbill,Bycanistes albotibialis,60–70,Non-excavator,10,Obligate,,,X,,Not globally threatened,,,,1,,
Bucerotiformes,Bucerotidae (Hornbills),Trumpeter Hornbill,Bycanistes bucinator,50–55,Non-excavator,10,Facultative,,,X,,Not globally threatened,,,,1,,
Bucerotiformes,Bucerotidae (Hornbills),Western Piping Hornbill ,Bycanistes fistulator,45,Non-excavator,10,Obligate,,,X,,Not globally threatened,,,,1,,
Bucerotiformes,Bucerotidae (Hornbills),Eastern Piping Hornbill,Bycanistes sharpii,45,Non-excavator,10,Obligate,,,X,,Not globally threatened,,,,1,,
Bucerotiformes,Bucerotidae (Hornbills),Grey-cheeked Hornbill,Bycanistes subcylindricus,60–70,Non-excavator,10,Facultative,,,X,,Not globally threatened,,,,1,,
Bucerotiformes,Bucerotidae (Hornbills),Helmeted Hornbill,Rhinoplax vigil,110–120,Non-excavator,10,Obligate,,,X,,Critically Endangered,,,,,1,
Bucerotiformes,Bucerotidae (Hornbills),Southern Rufous Hornbill,Buceros mindanensis,60–65,Non-excavator,10,Obligate,,,X,,Vulnerable,,,,,1,
Bucerotiformes,Bucerotidae (Hornbills),Northern Ground-hornbill,Bucorvus abyssinicus,90–100,Non-excavator,10,Facultative,,,X,,Not globally threatened,,,,1,,
Bucerotiformes,Bucerotidae (Hornbills),Rhinoceros Hornbill,Buceros rhinoceros,80–90,Non-excavator,10,Obligate,,,X,,Not globally threatened,,,,,1,
Bucerotiformes,Bucerotidae (Hornbills),Great Hornbill,Buceros bicornis,95–105,Non-excavator,10,Obligate,,,X,,Not globally threatened,,,,,1,
Bucerotiformes,Bucerotidae (Hornbills),Western Long-tailed Hornbill,Horizocerus albocristatus,70–80,Non-excavator,10,Obligate,,,X,,Not globally threatened,,,,1,,
Bucerotiformes,Bucerotidae (Hornbills),Eastern Long-tailed Hornbill,Horizocerus cassini,70–80,Non-excavator,10,Obligate,,,X,,Not globally threatened,,,,1,,
Bucerotiformes,Bucerotidae (Hornbills),Eastern Little Hornbill ,Horizocerus granti,32,Non-excavator,10,Obligate,,,X,,Not globally threatened,,,,1,,
Bucerotiformes,Bucerotidae (Hornbills),Western Little Hornbill,Horizocerus hartlaubi,32,Non-excavator,10,Obligate,,,X,,Not globally threatened,,,,1,,
Bucerotiformes,Bucerotidae (Hornbills),Bushy-crested Hornbill,Anorrhinus galeritus,65–70,Non-excavator,10,Obligate,,,X,,Not globally threatened,,,,,1,
Bucerotiformes,Bucerotidae (Hornbills),Austen's Brown Hornbill,Anorrhinus austeni,60–65,Non-excavator,10,Obligate,,X,X,Picidae (Mulleripicus pulverulentus),Not globally threatened,,,,,1,
Bucerotiformes,Bucerotidae (Hornbills),Tickell's Brown Hornbill,Anorrhinus tickelli,60–65,Non-excavator,10,Obligate,,,X,,Not globally threatened,,,,,1,
Bucerotiformes,Bucerotidae (Hornbills),Oriental Pied Hornbill,Anthracoceros albirostris,55–60,Non-excavator,10,Facultative,,,X,,Not globally threatened,,,,,1,
Bucerotiformes,Bucerotidae (Hornbills),Malabar Pied Hornbill,Anthracoceros coronatus,65,Non-excavator,10,Obligate,,,X,,Not globally threatened,,,,,1,
Bucerotiformes,Bucerotidae (Hornbills),Black Hornbill ,Anthracoceros malayanus,60–65,Non-excavator,10,Obligate,,X,X,Picidae,Not globally threatened,,,,,1,
Bucerotiformes,Bucerotidae (Hornbills),Sulu Hornbill,Anthracoceros montani,50,Non-excavator,10,Obligate,,,X,,Critically Endangered,,,,,1,
Bucerotiformes,Bucerotidae (Hornbills),Palawan Hornbill,Anthracoceros marchei,55 ,Non-excavator,10,Obligate,,,X,,Vulnerable,,,,,1,
Bucerotiformes,Bucerotidae (Hornbills),Rufous-necked Hornbill,Aceros nipalensis,90–100,Non-excavator,10,Obligate,,,X,,Vulnerable,,1,,,1,
Bucerotiformes,Bucerotidae (Hornbills),Sumba Hornbill,Rhyticeros everetti,55,Non-excavator,10,Obligate,,,X,,Vulnerable,,,,,1,
Bucerotiformes,Bucerotidae (Hornbills),Wreathed Hornbill,Rhyticeros undulatus,75–85,Non-excavator,10,Obligate,,,X,,Not globally threatened,,,,,1,
Bucerotiformes,Bucerotidae (Hornbills),Plain-pouched Hornbill,Rhyticeros subruficollis,65–70,Non-excavator,10,Obligate,,X,X,Picidae,Vulnerable,,,,,1,
Bucerotiformes,Bucerotidae (Hornbills),Knobbed Hornbill ,Rhyticeros cassidix,70–80 ,Non-excavator,10,Obligate,,,X,,Vulnerable,,,,,1,
Bucerotiformes,Bucerotidae (Hornbills),Narcondam Hornbill ,Rhyticeros narcondami,45–50,Non-excavator,10,Obligate,,,X,,Endangered,,,,,1,
Bucerotiformes,Bucerotidae (Hornbills),Papuan Hornbill ,Rhyticeros plicatus,65–85,Non-excavator,10,Obligate,,,X,,Not globally threatened,,,,,,1
Bucerotiformes,Bucerotidae (Hornbills),Wrinkled Hornbill ,Rhabdotorrhinus corrugatus,65–70,Non-excavator,10,Obligate,,,X,,Not globally threatened,,,,,1,
Bucerotiformes,Bucerotidae (Hornbills),Rufous-headed Hornbill,Rhabdotorrhinus waldeni,60–65,Non-excavator,10,Obligate,,X,X,Picidae,Critically Endangered,,,,,1,
Bucerotiformes,Bucerotidae (Hornbills),Sulawesi Hornbill,Rhabdotorrhinus exarhatus,45,Non-excavator,10,Obligate,,X,X,Picidae,Vulnerable,,,,,1,
Bucerotiformes,Bucerotidae (Hornbills),Writhed Hornbill,Rhabdotorrhinus leucocephalus,60–65,Non-excavator,10,Unknown,,,X,,Not globally threatened,,,,,1,
Bucerotiformes,Bucerotidae (Hornbills),Luzon Hornbill,Penelopides manillae,45 ,Non-excavator,10,Obligate,,,X,,Not globally threatened,,,,,1,
Bucerotiformes,Bucerotidae (Hornbills),Mindoro Hornbill,Penelopides mindorensis,45,Non-excavator,10,Unknown,,,X,,Endangered,,,,,1,
Bucerotiformes,Bucerotidae (Hornbills),Mindanao Hornbill,Penelopides affinis,45,Non-excavator,10,Unknown,,,X,,Not globally threatened,,,,,,
Bucerotiformes,Bucerotidae (Hornbills),Visayan Hornbill ,Penelopides panini,45 ,Non-excavator,10,Facultative,,,X,,Endangered,,,,,1,
Bucerotiformes,Bucerotidae (Hornbills),Indian Grey Hornbill,Ocyceros birostris,50,Non-excavator,10,Obligate,,,X,,Not globally threatened,,,,,1,
Bucerotiformes,Bucerotidae (Hornbills),Sri Lanka Grey Hornbill ,Ocyceros gingalensis,45,Non-excavator,10,Obligate,,X,X,Picidae,Not globally threatened,,,,,1,
Bucerotiformes,Bucerotidae (Hornbills),Malabar Grey Hornbill ,Ocyceros griseus,45,Non-excavator,10,Obligate,,X,X,,Not globally threatened,,,,,1,
Bucerotiformes,Upupidae (Hoopoes),Common Hoopoe,Upupa epops,19–32,Non-excavator,10,Facultative,,X,X,Picidae (Dendrocopos syriacus),Not globally threatened,,1,,1,1,
Coraciiformes,Alcedinidae (Kingfishers),Laughing Kookaburra,Dacelo novaeguineae,39–42,Non-excavator,10,Facultative,,,X,,Not globally threatened,,,,,,1
Coraciiformes,Alcedinidae (Kingfishers),Blue-winged Kookaburra,Dacelo leachii,38–41,Non-excavator,10,Facultative,,,X,,Not globally threatened,,,,,,1
Coraciiformes,Alcedinidae (Kingfishers),Spangled Kookaburra,Dacelo tyro,33 ,Non-excavator,Inferred,Facultative,,,X,,Not globally threatened,,,,,,1
Coraciiformes,Alcedinidae (Kingfishers),Rufous-bellied Kookaburra,Dacelo gaudichaud,28–31,Unknown,50,Facultative,,,X,,Not globally threatened,,,,,,1
Coraciiformes,Alcedinidae (Kingfishers),Black-headed Paradise-kingfisher,Tanysiptera nigriceps,30–48,Unknown,10,Unknown,,,X,,Not globally threatened,,,,,,1
Coraciiformes,Alcedinidae (Kingfishers),Little Paradise-kingfisher,Tanysiptera hydrocharis,30,Unknown,50,Facultative,,,X,,Not assessed,,,,,,1
Coraciiformes,Alcedinidae (Kingfishers),Common Paradise-kingfisher,Tanysiptera galatea,33–43,Unknown,50,Facultative,,,X,,Not globally threatened,,,,,,1
Coraciiformes,Alcedinidae (Kingfishers),Kofiau Paradise-kingfisher,Tanysiptera ellioti,33–34,Unknown,50,Facultative,,,X,,Vulnerable,,,,,,1
Coraciiformes,Alcedinidae (Kingfishers),Biak Paradise-kingfisher,Tanysiptera riedelii,37,Unknown,50,Facultative,,,X,,Not globally threatened,,,,,,1
Coraciiformes,Alcedinidae (Kingfishers),Numfor Paradise-Kingfisher,Tanysiptera carolinae,34–38,Unknown,50,Facultative,,,X,,Not globally threatened,,,,,,1
Coraciiformes,Alcedinidae (Kingfishers),Red-breasted Paradise-kingfisher,Tanysiptera nympha,30–35,Unknown,50,Facultative,,,X,,Not globally threatened,,,,,,1
Coraciiformes,Alcedinidae (Kingfishers),Brown-headed Paradise-kingfisher,Tanysiptera danae,28–30,Unknown,50,Facultative,,,X,,Not globally threatened,,,,,,1
Coraciiformes,Alcedinidae (Kingfishers),Buff-breasted Paradise-kingfisher,Tanysiptera sylvia,29–37,Unknown,50,Facultative,,,X,,Not globally threatened,,,,,,1
Coraciiformes,Alcedinidae (Kingfishers),Little Kingfisher,Ceyx pusillus,11,Facultative excavator,10,Facultative,,X,,,Not globally threatened,,,,,,1
Coraciiformes,Alcedinidae (Kingfishers),Shovel-billed Kingfisher,Clytoceyx rex,30–34,Unknown,50,Unknown,,,,,Not globally threatened,,,,,,1
Coraciiformes,Alcedinidae (Kingfishers),Stork-billed Kingfisher,Pelargopsis capensis,35,Facultative excavator,10,Facultative,,X,X,,Not globally threatened,,,,,1,
Coraciiformes,Alcedinidae (Kingfishers),Grey-headed Kingfisher,Halcyon leucocephala,22,Non-excavator,10,Facultative,,X,X,Picidae,Not globally threatened,,,,1,,
Coraciiformes,Alcedinidae (Kingfishers),White-breasted Kingfisher,Halcyon smyrnensis,27–28,Non-excavator,10,Facultative,,,X,,Not globally threatened,,1,,,1,
Coraciiformes,Alcedinidae (Kingfishers),Ruddy Kingfisher,Halcyon coromanda,25,Non-excavator,10,Facultative,,,,,Not globally threatened,,1,,,1,
Coraciiformes,Alcedinidae (Kingfishers),Woodland Kingfisher,Halcyon senegalensis,23,Facultative excavator,10,Facultative,,X,X,"Lybiidae, Picidae, Sturnidae and H. albiventris",Not globally threatened,,,,1,,
Coraciiformes,Alcedinidae (Kingfishers),Mangrove Kingfisher,Halcyon senegaloides,22,Non-excavator,10,Facultative,,X,X,Picidae and Lybiidae,Not globally threatened,,,,1,,
Coraciiformes,Alcedinidae (Kingfishers),Blue-breasted Kingfisher,Halcyon malimbica,25,Non-excavator,10,Facultative,,,,,Not globally threatened,,,,1,,
Coraciiformes,Alcedinidae (Kingfishers),Brown-hooded Kingfisher,Halcyon albiventris,22,Non-excavator,10,Facultative,,X,,Picidae,Not globally threatened,,,,1,,
Coraciiformes,Alcedinidae (Kingfishers),Striped Kingfisher,Halcyon chelicuti,17,Non-excavator,10,Facultative,,X,X,Picidae and Lybiidae,Not globally threatened,,,,1,,
Coraciiformes,Alcedinidae (Kingfishers),Mountain Kingfisher ,Syma megarhyncha,24,Unknown,10,Facultative,,,,,Not globally threatened,,,,,,1
Coraciiformes,Alcedinidae (Kingfishers),Yellow-billed Kingfisher,Syma torotoro,20,Unknown,10,Facultative,,,,,Not globally threatened,,,,,,1
Coraciiformes,Alcedinidae (Kingfishers),Red-backed Kingfisher ,Todiramphus pyrrhopygius,22,Non-excavator,10,Facultative,,,X,,Not globally threatened,,,,,,1
Coraciiformes,Alcedinidae (Kingfishers),Palau Kingfisher ,Todiramphus pelewensis,20,Unknown,10,Facultative,,,,,Not globally threatened,,,,,,1
Coraciiformes,Alcedinidae (Kingfishers),Tuamotu Kingfisher,Todiramphus gambieri,20,Primary excavator,10,Facultative,,X,,,Critically Endangered,,,,,,1
Coraciiformes,Alcedinidae (Kingfishers),Moorea Kingfisher,Todiramphus youngi,21,Primary excavator,10,Obligate,,X,,,Not globally threatened,,,,,,1
Coraciiformes,Alcedinidae (Kingfishers),Mangaia Kingfisher,Todiramphus ruficollaris,19–22 ,Primary excavator,10,Obligate,,X,,,Vulnerable,,,,,,1
Coraciiformes,Alcedinidae (Kingfishers),Vanuatu Kingfisher,Todiramphus farquhari,21,Unknown,10,Facultative,,,,,Not globally threatened,,,,,,1
Coraciiformes,Alcedinidae (Kingfishers),Marquesas Kingfisher,Todiramphus godeffroyi,21,Unknown,Inferred,Facultative,,,,,Critically Endangered,,,,,,1
Coraciiformes,Alcedinidae (Kingfishers),Flat-billed Kingfisher,Todiramphus recurvirostris,22 ,Unknown,Inferred,Facultative,,,,,Not globally threatened,,,,,,1
Coraciiformes,Alcedinidae (Kingfishers),Sacred Kingfisher,Todiramphus sanctus,22,Non-excavator,10,Facultative,,,X,,Not globally threatened,,,,,,1
Coraciiformes,Alcedinidae (Kingfishers),New Britain Kingfisher,Todiramphus albonotatus,16–18,Non-excavator,50,Facultative,,,X,,Not globally threatened,,,,,,1
Coraciiformes,Alcedinidae (Kingfishers),Ultramarine Kingfisher,Todiramphus leucopygius,21,Non-excavator,50,Facultative,,,X,,Not globally threatened,,,,,,1
Coraciiformes,Alcedinidae (Kingfishers),Collared Kingfisher,Todiramphus chloris,23–25,Non-excavator,10,Facultative,,X,X,Picidae (Dinopium javanense),Not globally threatened,,,,,1,1
Coraciiformes,Alcedinidae (Kingfishers),Forest Kingfisher,Todiramphus macleayii,20,Non-excavator,10,Facultative,,,X,,Not globally threatened,,,,,,1
Coraciiformes,Alcedinidae (Kingfishers),Beach Kingfisher,Todiramphus saurophagus,30,unknown,Inferred,Facultative,,,,,Not globally threatened,,,,,,1
Coraciiformes,Alcedinidae (Kingfishers),Blue-black Kingfisher,Todiramphus nigrocyaneus,23,Non-excavator,50,Facultative,,,X,,Not globally threatened,,,,,,1
Coraciiformes,Alcedinidae (Kingfishers),Hook-billed Kingfisher,Melidora macrorrhina,27,Non-excavator,50,Facultative,,,X,,Not globally threatened,,,,,,1
Coraciiformes,Alcedinidae (Kingfishers),Bougainville Moustached Kingfisher,Actenoides bougainvillei,30–32,Non-excavator,50,Facultative,,,X,,Endangered,,,,,,1
Coraciiformes,Alcedinidae (Kingfishers),Guadalcanal Moustached Kingfisher,Actenoides excelsus,27–32,Non-excavator,50,Facultative,,,X,,Endangered,,,,,,1
Coraciiformes,Alcedinidae (Kingfishers),Belted Kingfisher,Megaceryle alcyon,28–33,Non-excavator,10,Facultative,,,X,,Not globally threatened,1,,,,,
Coraciiformes,Coraciidae (Rollers),Purple Roller,Coracias naevius,35–40,Non-excavator,10,Facultative,,,X,,Not globally threatened,,,,1,,
Coraciiformes,Coraciidae (Rollers),Racquet-tailed Roller,Coracias spatulatus,28–30,Non-excavator,10,Obligate,,X,X,Picidae and Lybiidae,Not globally threatened,,,,1,,
Coraciiformes,Coraciidae (Rollers),Lilac-breasted Roller ,Coracias caudatus,28–30,Non-excavator,10,Obligate,,,X,,Not globally threatened,,,,1,,
Coraciiformes,Coraciidae (Rollers),European Roller,Coracias garrulus,31–32,Non-excavator,10,Facultative,,,X,,Not globally threatened,,1,,,,
Coraciiformes,Coraciidae (Rollers),Abyssinian Roller,Coracias abyssinicus,28–31,Non-excavator,10,Facultative,,,X,,Not globally threatened,,1,,1,,
Coraciiformes,Coraciidae (Rollers),Indian Roller,Coracias benghalensis,30–34 ,Non-excavator,10,Facultative,,,X,,Not globally threatened,,1,,,1,
Coraciiformes,Coraciidae (Rollers),Purple-winged Roller,Coracias temminckii,30–40,Non-excavator,10,Obligate,,X,X,Picidae,Not globally threatened,,,,,1,
Coraciiformes,Coraciidae (Rollers),Blue-bellied Roller,Coracias cyanogaster,28–30,Non-excavator,10,Obligate,,,X,,Not globally threatened,,,,1,,
Coraciiformes,Coraciidae (Rollers),Broad-billed Roller,Eurystomus glaucurus,27–29,Non-excavator,10,Facultative,,,X,,Not globally threatened,,,,1,,
Coraciiformes,Coraciidae (Rollers),Azure Dollarbird,Eurystomus azureus,27–35,Non-excavator,Inferred,Unknown,,,X,,Not globally threatened,,,,,,1
Coraciiformes,Coraciidae (Rollers),Blue-throated Roller,Eurystomus gularis,25,Non-excavator,10,Obligate,,,X,,Not globally threatened,,,,1,,
Coraciiformes,Coraciidae (Rollers),Oriental Dollarbird,Eurystomus orientalis,27–32,Non-excavator,10,Obligate,,X,X,Picidae and Megalaimidae,Not globally threatened,,1,,,1,1
Piciformes,Bucconidae (Puffbirds),White-necked Puffbird,Notharchus hyperrhynchus,25,Non-excavator,10,Facultative,,,X,,Not globally threatened,,,1,,,
Piciformes,Bucconidae (Puffbirds),Guianan Puffbird,Notharchus macrorhynchos,25,Non-excavator,10,Facultative,,,X,,Not globally threatened,,,1,,,
Piciformes,Bucconidae (Puffbirds),White-whiskered Puffbird,Malacoptila panamensis,18–21,Non-excavator,10,Facultative,,,X,,Not globally threatened,,,1,,,
Piciformes,Bucconidae (Puffbirds),Rusty-breasted Nunlet,Nonnula rubecula,14–16,Non-excavator,10,Facultative,,,X,,Not globally threatened,,,1,,,
Piciformes,Lybiidae (African Barbets),Pale-throated Barbet,Gymnobucco vernayi,18,Primary excavator,10,Unknown,,X,,,Not globally threatened,,,,1,,
Piciformes,Lybiidae (African Barbets),Sladen's Barbet,Gymnobucco sladeni,17,Primary excavator,10,Obligate,,X,,,Not globally threatened,,,,1,,
Piciformes,Lybiidae (African Barbets),Bristle-nosed Barbet,Gymnobucco peli,17,Primary excavator,10,Obligate,,X,,,Not globally threatened,,,,1,,
Piciformes,Lybiidae (African Barbets),Naked-faced Barbet,Gymnobucco calvus,17–18,Primary excavator,10,Obligate,,X,,,Not globally threatened,,,,1,,
Piciformes,Lybiidae (African Barbets),White-eared Barbet,Stactolaema leucotis,17–18,Primary excavator,10,Obligate,,X,,,Not globally threatened,,,,1,,
Piciformes,Lybiidae (African Barbets),Whyte's Barbet,Stactolaema whytii,19,Primary excavator,10,Obligate,,X,,,Not globally threatened,,,,1,,
Piciformes,Lybiidae (African Barbets),Anchieta's Barbet,Stactolaema anchietae,18–19,Primary excavator,10,Obligate,,X,,,Not globally threatened,,,,1,,
Piciformes,Lybiidae (African Barbets),Crested Barbet ,Trachyphonus vaillantii,22–23,Facultative excavator,10,Facultative,,X,,Picidae,Not globally threatened,,,,1,,
Piciformes,Lybiidae (African Barbets),Grey-throated Barbet ,Gymnobucco bonapartei,16.5–17.5,Primary excavator,10,Obligate,,X,,,Not globally threatened,,,,1,,
Piciformes,Lybiidae (African Barbets),Grey-headed Barbet,Gymnobucco cinereiceps,16.5–19,Primary excavator,10,Unknown,,X,,,Not globally threatened,,,,1,,
Piciformes,Lybiidae (African Barbets),Zambian Barbet,Lybius chaplini,19,Primary excavator,10,Obligate,,X,,,Vulnerable,,,,1,,
Piciformes,Lybiidae (African Barbets),Western Yellow-billed Barbet,Trachylaemus goffinii,23–24,Primary excavator,10,Unknown,,X,,,Not globally threatened,,,,1,,
Piciformes,Lybiidae (African Barbets),Togo Yellow-billed Barbet,Trachylaemus togoensis,23–24,Primary excavator,10,Unknown,,X,,,Not globally threatened,,,,1,,
Piciformes,Lybiidae (African Barbets),Eastern Yellow-billed Barbet,Trachylaemus purpuratus,23–24,Facultative excavator,10,Obligate,,X,,Picidae,Not globally threatened,,,,1,,
Piciformes,Lybiidae (African Barbets),Miombo Pied Barbet,Tricholaema frontata,16,Primary excavator,10,Obligate,,X,,,Not globally threatened,,,,1,,
Piciformes,Lybiidae (African Barbets),Acacia Pied Barbet,Tricholaema leucomelas,17,Primary excavator,10,Facultative,,X,,,Not globally threatened,,,,1,,
Piciformes,Lybiidae (African Barbets),Green Barbet,Cryptolybia olivacea,17–18,Primary excavator,10,Obligate,,X,,,Not globally threatened,,,,1,,
Piciformes,Lybiidae (African Barbets),Moustached Green Tinkerbird,Pogoniulus leucomystax,9.5,Primary excavator,10,Obligate,,X,,,Not globally threatened,,,,1,,
Piciformes,Lybiidae (African Barbets),Western Green Tinkerbird,Pogoniulus coryphaea, 9–10,Primary excavator,10,Obligate,,X,,,Not globally threatened,,,,1,,
Piciformes,Lybiidae (African Barbets),Eastern Green Tinkerbird,Pogoniulus simplex,9,Primary excavator,10,Obligate,,X,,,Not globally threatened,,,,1,,
Piciformes,Lybiidae (African Barbets),Speckled Tinkerbird,Pogoniulus scolopaceus,12,Primary excavator,10,Obligate,,X,,,Not globally threatened,,,,1,,
Piciformes,Lybiidae (African Barbets),Red-rumped Tinkerbird,Pogoniulus atroflavus,12–13,Primary excavator,10,Obligate,,X,,,Not globally threatened,,,,1,,
Piciformes,Lybiidae (African Barbets),Yellow-throated Tinkerbird,Pogoniulus subsulphureus,9.5,Primary excavator,10,Unknown,,X,,,Not globally threatened,,,,1,,
Piciformes,Lybiidae (African Barbets),Yellow-rumped Tinkerbird,Pogoniulus bilineatus,10–12,Primary excavator,10,Obligate,,X,,,Not globally threatened,,,,1,,
Piciformes,Lybiidae (African Barbets),White-chested Tinkerbird,Pogoniulus makawai,11,Primary excavator,10,Unknown,,X,,,Not globally threatened,,,,1,,
Piciformes,Lybiidae (African Barbets),Red-fronted Tinkerbird,Pogoniulus pusillus,9.5–11.5,Primary excavator,10,Obligate,,X,,,Not globally threatened,,,,1,,
Piciformes,Lybiidae (African Barbets),Yellow-spotted Barbet,Buccanodon duchaillui,15.5–17,Primary excavator,10,Unknown,,X,,,Not globally threatened,,,,1,,
Piciformes,Lybiidae (African Barbets),Hairy-breasted Barbet,Tricholaema hirsuta,17–18,Primary excavator,10,Obligate,,X,,,Not globally threatened,,,,1,,
Piciformes,Lybiidae (African Barbets),Spot-flanked Barbet,Tricholaema lacrymosa,13–14,Primary excavator,10,Obligate,,X,,,Not globally threatened,,,,1,,
Piciformes,Lybiidae (African Barbets),Black-throated Barbet,Tricholaema melanocephala,12–13,Primary excavator,10,Obligate,,X,,,Not globally threatened,,,,1,,
Piciformes,Lybiidae (African Barbets),Banded Barbet,Lybius undatus,16–17.5,Primary excavator,10,Unknown,,X,,,Not globally threatened,,,,1,,
Piciformes,Lybiidae (African Barbets),Vieillot's Barbet,Lybius vieilloti,16,Primary excavator,10,Obligate,,X,,,Not globally threatened,,,,1,,
Piciformes,Lybiidae (African Barbets),White-headed Barbet,Lybius leucocephalus,18–19.5,Primary excavator,10,Obligate,,X,,,Not globally threatened,,,,1,,
Piciformes,Lybiidae (African Barbets),Red-faced Barbet,Lybius rubrifacies,17.5–18.5,Primary excavator,10,Unknown,,X,,,Not globally threatened,,,,1,,
Piciformes,Lybiidae (African Barbets),Black-billed Barbet,Lybius guifsobalito,16–18,Primary excavator,10,Unknown,,X,,,Not globally threatened,,,,1,,
Piciformes,Lybiidae (African Barbets),Black-collared Barbet,Lybius torquatus,17.5–19,Primary excavator,10,Obligate,,X,,,Not globally threatened,,,,1,,
Piciformes,Lybiidae (African Barbets),Brown-faced Barbet,Pogonornis minor,19.5–21,Primary excavator,10,Unknown,,X,,,Not globally threatened,,,,1,,
Piciformes,Lybiidae (African Barbets),White-faced Barbet,Pogonornis macclounii,19–21,Primary excavator,10,Facultative,,X,,,Not globally threatened,,,,1,,
Piciformes,Lybiidae (African Barbets),Brown-breasted Barbet,Pogonornis melanopterus,19,Primary excavator,10,Unknown,,X,,,Not globally threatened,,,,1,,
Piciformes,Lybiidae (African Barbets),Double-toothed Barbet,Pogonornis bidentatus,23,Primary excavator,10,Unknown,,X,,,Not globally threatened,,,,1,,
Piciformes,Lybiidae (African Barbets),Bearded Barbet,Pogonornis dubius,25.5,Primary excavator,10,Obligate,,X,,,Not globally threatened,,,,1,,
Piciformes,Lybiidae (African Barbets),Black-breasted Barbet,Pogonornis rolleti,27,Primary excavator,10,Unknown,,X,,,Not globally threatened,,,,1,,
Piciformes,Lybiidae (African Barbets),Annam Barbet,Psilopogon annamensis,"21,5–23,5",Primary excavator,10,Unknown,,X,,,Not globally threatened,,,,,1,
Piciformes,Lybiidae (African Barbets),Necklaced Barbet,Psilopogon auricularis,22.5,Primary excavator,10,Unknown,,X,,,Not globally threatened,,,,,1,
Piciformes,Lybiidae (African Barbets),Yellow-eared Barbet,Psilopogon australis,16–17,Primary excavator,10,Unknown,,X,,,Not globally threatened,,,,,1,
Piciformes,Lybiidae (African Barbets),Red-throated Barbet,Psilopogon mystacophanos,23,Primary excavator,10,Facultative,,X,,,Not globally threatened,,,,,1,
Piciformes,Lybiidae (African Barbets),Sri Lanka Barbet,Psilopogon rubricapillus,16–17,Primary excavator,10,Unknown,,X,,,Not globally threatened,,,,,1,
Piciformes,Lybiidae (African Barbets),Blue-throated Barbet ,Psilopogon asiaticus,22–23,Facultative excavator,10,Obligate,,X,,Picidae,Not globally threatened,,1,,,1,
Piciformes,Lybiidae (African Barbets),Black-eared Barbet,Psilopogon duvaucelii,16–17,Primary excavator,10,Obligate,,X,,,Not globally threatened,,,,,1,
Piciformes,Megalaimidae (Asian Barbets),Fire-tufted Barbet ,Psilopogon pyrolophus,28–29,Primary excavator,10,Obligate,,X,,,Not globally threatened,,,,,1,
Piciformes,Megalaimidae (Asian Barbets),White-cheeked Barbet ,Psilopogon viridis,23 ,Primary excavator,10,Obligate,,X,,,Not globally threatened,,,,,1,
Piciformes,Megalaimidae (Asian Barbets),Malabar Barbet,Psilopogon malabaricus,16–17,Primary excavator,10,Obligate,,X,,,Not globally threatened,,,,,1,
Piciformes,Megalaimidae (Asian Barbets),Coppersmith Barbet,Psilopogon haemacephalus,15–17 ,Primary excavator,10,Obligate,,X,,,Not globally threatened,,,,,1,
Piciformes,Megalaimidae (Asian Barbets),Blue-eared Barbet,Psilopogon cyanotis,16–17,Facultative excavator,10,Obligate,,X,,Picidae,Not globally threatened,,1,,,1,
Piciformes,Megalaimidae (Asian Barbets),Bornean Barbet,Psilopogon eximius,15–16,Primary excavator,10,Unknown,,X,,,Not globally threatened,,,,,1,
Piciformes,Megalaimidae (Asian Barbets),Great Barbet,Psilopogon virens,32–35,Primary excavator,10,Obligate,,X,,,Not globally threatened,,1,,,1,
Piciformes,Megalaimidae (Asian Barbets),Red-vented Barbet,Psilopogon lagrandieri,29,Primary excavator,10,Unknown,,X,,,Not globally threatened,,,,,1,
Piciformes,Megalaimidae (Asian Barbets),Red-crowned Barbet,Psilopogon rafflesii,26,Primary excavator,10,Unknown,,X,,,Not globally threatened,,,,,1,
Piciformes,Megalaimidae (Asian Barbets),Black-banded Barbet,Psilopogon javensis,26 ,Primary excavator,10,Unknown,,X,,,Not globally threatened,,,,,1,
Piciformes,Megalaimidae (Asian Barbets),Golden-naped Barbet,Psilopogon pulcherrimus,20–21.5,Primary excavator,10,Unknown,,X,,,Not globally threatened,,,,,1,
Piciformes,Megalaimidae (Asian Barbets),Yellow-crowned Barbet,Psilopogon henricii,21.5–22.5,Primary excavator,10,Unknown,,X,,,Not globally threatened,,,,,1,
Piciformes,Megalaimidae (Asian Barbets),Flame-fronted Barbet,Psilopogon armillaris,20–21.5,Primary excavator,10,Obligate,,X,,,Not globally threatened,,,,,1,
Piciformes,Megalaimidae (Asian Barbets),Green-eared Barbet,Psilopogon faiostrictus,24,Primary excavator,10,Unknown,,X,,,Not globally threatened,,,,,1,
Piciformes,Megalaimidae (Asian Barbets),Lineated Barbet,Psilopogon lineatus,25–30,Primary excavator,10,Obligate,,X,,,Not globally threatened,,,,,1,
Piciformes,Megalaimidae (Asian Barbets),Brown-headed Barbet,Psilopogon zeylanicus,25–28,Primary excavator,10,Obligate,,X,,,Not globally threatened,,,,,1,
Piciformes,Megalaimidae (Asian Barbets),Yellow-fronted Barbet,Psilopogon flavifrons,21–22,Primary excavator,10,Obligate,,X,,,Not globally threatened,,,,,1,
Piciformes,Megalaimidae (Asian Barbets),Golden-throated Barbet,Psilopogon franklinii,22.5,Primary excavator,10,Obligate,,X,,,Not globally threatened,,,,,1,
Piciformes,Megalaimidae (Asian Barbets),Mountain Barbet,Psilopogon monticola,20–22,Primary excavator,10,Unknown,,X,,,Not globally threatened,,,,,1,
Piciformes,Megalaimidae (Asian Barbets),Brown-throated Barbet,Psilopogon corvinus,27,Primary excavator,10,Unknown,,X,,,Not globally threatened,,,,,1,
Piciformes,Megalaimidae (Asian Barbets),Gold-whiskered Barbet,Psilopogon chrysopogon,30,Primary excavator,10,Obligate,,X,,,Not globally threatened,,,,,1,
Piciformes,Megalaimidae (Asian Barbets),Moustached Barbet,Psilopogon incognitus,22–23,Primary excavator,10,Obligate,,X,,,Not globally threatened,,,,,1,
Piciformes,Megalaimidae (Asian Barbets),Taiwan Barbet,Psilopogon nuchalis,21.5,Primary excavator,10,Unknown,,X,,,Not globally threatened,,,,,1,
Piciformes,Megalaimidae (Asian Barbets),Chinese Barbet,Psilopogon faber,20–21.5,Primary excavator,10,Unknown,,X,,,Not globally threatened,,,,,1,
Piciformes,Megalaimidae (Asian Barbets),Black-browed Barbet,Psilopogon oorti,21.5,Primary excavator,10,Obligate,,X,,,Not globally threatened,,,,,1,
Piciformes,Megalaimidae (Asian Barbets),Turquoise-throated Barbet,Psilopogon chersonesus,22–23,Facultative excavator,10,Obligate,,X,,,Not globally threatened,,,,,1,
Piciformes,Megalaimidae (Asian Barbets),Bornean Brown Barbet,Caloramphus fuliginosus,17.5,Primary excavator,10,Unknown,,X,,,Not globally threatened,,,,,1,
Piciformes,Megalaimidae (Asian Barbets),Malay Brown Barbet,Caloramphus hayii,17.5,Primary excavator,10,Facultative,,X,,,Not globally threatened,,,,,1,
Piciformes,Capitonidae (New World Barbets),Sira Barbet,Capito fitzpatricki,19.5–20,Primary excavator,10,Unknown,,X,,,Not globally threatened,,,1,,,
Piciformes,Capitonidae (New World Barbets),Gilded Barbet ,Capito auratus,16–19,Primary excavator,10,Obligate,,X,,,Not globally threatened,,,1,,,
Piciformes,Capitonidae (New World Barbets),Scarlet-crowned Barbet,Capito aurovirens,19,Primary excavator,10,Unknown,,X,,,Not globally threatened,,,1,,,
Piciformes,Capitonidae (New World Barbets),Black-girdled Barbet,Capito dayi,16–17,Primary excavator,10,Obligate,,X,,,Vulnerable,,,1,,,
Piciformes,Capitonidae (New World Barbets),Spot-crowned Barbet,Capito maculicoronatus,16–18,Primary excavator,10,Unknown,,X,,,Not globally threatened,,,1,,,
Piciformes,Capitonidae (New World Barbets),Orange-fronted Barbet,Capito squamatus,16–18,Primary excavator,10,Obligate,,X,,,Not globally threatened,,,1,,,
Piciformes,Capitonidae (New World Barbets),White-mantled Barbet,Capito hypoleucus,18–19,Primary excavator,10,Unknown,,X,,,Vulnerable,,,1,,,
Piciformes,Capitonidae (New World Barbets),Scarlet-banded Barbet,Capito wallacei,19.5,Primary excavator,10,Unknown,,X,,,Vulnerable,,,1,,,
Piciformes,Capitonidae (New World Barbets),Five-colored Barbet,Capito quinticolor,17–18,Facultative excavator,10,Unknown,,X ,,Picidae,Vulnerable,,,1,,,
Piciformes,Capitonidae (New World Barbets),Brown-chested Barbet,Capito brunneipectus,18,Primary excavator,10,Unknown,,X,,,Not globally threatened,,,1,,,
Piciformes,Capitonidae (New World Barbets),Black-spotted Barbet,Capito niger,16–19,Primary excavator,10,Obligate,,X,,,Not globally threatened,,,1,,,
Piciformes,Capitonidae (New World Barbets),Flame-throated Barbet,Eubucco aurantiicollis,14.5–15.5,Primary excavator,10,Unknown,,X,,,Not globally threatened,,,1,,,
Piciformes,Capitonidae (New World Barbets),Blue-chinned Barbet,Eubucco glaucogularis,16,Primary excavator,10,Unknown,,X,,,Not globally threatened,,,1,,,
Piciformes,Capitonidae (New World Barbets),Blue-cowled Barbet,Eubucco steerii,16,Primary excavator,10,Unknown,,X,,,Not globally threatened,,,1,,,
Piciformes,Capitonidae (New World Barbets),Blue-moustached Barbet,Eubucco versicolor,16,Primary excavator,10,Obligate,,X,,,Not globally threatened,,,1,,,
Piciformes,Capitonidae (New World Barbets),Lemon-throated Barbet,Eubucco richardsoni,15.5,Primary excavator,10,Unknown,,X,,,Not globally threatened,,,1,,,
Piciformes,Capitonidae (New World Barbets),Scarlet-hooded Barbet,Eubucco tucinkae,17,Primary excavator,10,Obligate,,X,,,Not globally threatened,,,1,,,
Piciformes,Capitonidae (New World Barbets),Red-headed Barbet,Eubucco bourcierii,16,Facultative excavator,10,Obligate,,X,,Picidae,Not globally threatened,,,1,,,
Piciformes,Semnornithidae (Toucan-Barbets),Prong-billed Barbet,Semnornis frantzii,18,Primary excavator,10,Obligate,,X,,,Not globally threatened,,,1,,,
Piciformes,Semnornithidae (Toucan-Barbets),Toucan Barbet,Semnornis ramphastinus,19–21,Primary excavator,10,Obligate,,X,,,Not globally threatened,,,1,,,
Piciformes,Ramphastidae (Toucans),Greyish-throated Toucanet,Aulacorhynchus albivitta,30–38,Non-excavator,10,Obligate,,X,X,Picidae,Not globally threatened,,,1,,,
Piciformes,Ramphastidae (Toucans),Black-throated Toucanet,Aulacorhynchus atrogularis,29.5–31.5,Non-excavator,Inferred,Unknown,,X,,Picidae,Not globally threatened,,,1,,,
Piciformes,Ramphastidae (Toucans),Yellow-billed Toucanet,Aulacorhynchus calorhynchus,33–37,Non-excavator,Inferred,Unknown,,X,,Picidae,Not globally threatened,,,1,,,
Piciformes,Ramphastidae (Toucans),Black-billed Toucanet,Aulacorhynchus cyanolaemus,29.5–34,Non-excavator,Inferred,Unknown,,X,,Picidae,Not globally threatened,,,1,,,
Piciformes,Ramphastidae (Toucans),Wagler's Toucanet,Aulacorhynchus wagleri,32–37,Non-excavator,Inferred,Unknown,,X,,Picidae,Not globally threatened,,,1,,,
Piciformes,Ramphastidae (Toucans),Emerald Toucanet,Aulacorhynchus prasinus,30–37,Facultative excavator,10,Obligate,,X,,Picidae,Not globally threatened,,,1,,,
Piciformes,Ramphastidae (Toucans),Groove-billed Toucanet,Aulacorhynchus sulcatus,33–37,Non-excavator,10,Obligate,,X,X,Picidae,Not globally threatened,,,1,,,
Piciformes,Ramphastidae (Toucans),Chestnut-tipped Toucanet,Aulacorhynchus derbianus,33–41,Non-excavator,Inferred,Unknown,,X,,Picidae,Not globally threatened,,,1,,,
Piciformes,Ramphastidae (Toucans),Tepui Toucanet,Aulacorhynchus whitelianus,33–41,Non-excavator,Inferred,Unknown,,X,,Picidae,Not globally threatened,,,1,,,
Piciformes,Ramphastidae (Toucans),Crimson-rumped Toucanet,Aulacorhynchus haematopygus,40–45,Non-excavator,10,Obligate,,X,X,Picidae,Not globally threatened,,,1,,,
Piciformes,Ramphastidae (Toucans),Yellow-browed Toucanet,Aulacorhynchus huallagae,38–44,Non-excavator,Inferred,Unknown,,X,,Picidae,Endangered,,,1,,,
Piciformes,Ramphastidae (Toucans),Blue-banded Toucanet,Aulacorhynchus coeruleicinctis,40–44,Non-excavator,Inferred,Unknown,,X,,Picidae,Not globally threatened,,,1,,,
Piciformes,Ramphastidae (Toucans),Blue-throated Toucanet ,Aulacorhynchus caeruleogularis,32–37,Facultative excavator,10,Obligate,,X,,Picidae,Not globally threatened,,,1,,,
Piciformes,Ramphastidae (Toucans),Grey-breasted Mountain-toucan,Andigena hypoglauca,41–48,Non-excavator,Inferred,Obligate,,,,,Not globally threatened,,,1,,,
Piciformes,Ramphastidae (Toucans),Plate-billed Mountain-toucan,Andigena laminirostris,46–51,Facultative excavator,10,Obligate,,X,X,Semnornis ramphastinus,Not globally threatened,,,1,,,
Piciformes,Ramphastidae (Toucans),Hooded Mountain-toucan,Andigena cucullata,48–50,Non-excavator,Inferred,Obligate,,,,,Not globally threatened,,,1,,,
Piciformes,Ramphastidae (Toucans),Black-billed Mountain-toucan,Andigena nigrirostris,48–51,Non-excavator,Inferred,Obligate,,,,,Not globally threatened,,,1,,,
Piciformes,Ramphastidae (Toucans),Curl-crested Araçari,Pteroglossus beauharnaisii,42–46,Non-excavator,Inferred,Obligate,,X,,Picidae,Not globally threatened,,,1,,,
Piciformes,Ramphastidae (Toucans),Many-banded Araçari,Pteroglossus pluricinctus,43–46,Non-excavator,Inferred,Obligate,,X,,Picidae,Not globally threatened,,,1,,,
Piciformes,Ramphastidae (Toucans),Stripe-billed Araçari,Pteroglossus sanguineus,43–48,Non-excavator,Inferred,Obligate,,X,,Picidae,Not globally threatened,,,1,,,
Piciformes,Ramphastidae (Toucans),Western Red-necked Araçari,Pteroglossus sturmii,36,Non-excavator,Inferred,Obligate,,X,,Picidae,Not globally threatened,,,1,,,
Piciformes,Ramphastidae (Toucans),Collared Araçari,Pteroglossus torquatus,43–48,Non-excavator,10,Obligate,,X,,Picidae (Campephilus spp.),Not globally threatened,,,1,,,
Piciformes,Ramphastidae (Toucans),Green Araçari ,Pteroglossus viridis,30–39 ,Non-excavator,10,Obligate,,X,,Picidae,Not globally threatened,,,1,,,
Piciformes,Ramphastidae (Toucans),Chestnut-eared Araçari,Pteroglossus castanotis,43–47,Non-excavator,10,Obligate,,X,,Picidae,Not globally threatened,,,1,,,
Piciformes,Ramphastidae (Toucans),Fiery-billed Araçari,Pteroglossus frantzii,45,Facultative excavator,10,Obligate,,X,,Picidae,Not globally threatened,,,1,,,
Piciformes,Ramphastidae (Toucans),Eastern Red-necked Araçari,Pteroglossus bitorquatus,36,Non-excavator,Inferred,Obligate,,X,,Picidae,Endangered,,,1,,,
Piciformes,Ramphastidae (Toucans),Humboldt’s Araçari,Pteroglossus humboldti,33–40,Non-excavator,Inferred,Obligate,,X,,Picidae,Not globally threatened,,,1,,,
Piciformes,Ramphastidae (Toucans),Ivory-billed Araçari ,Pteroglossus azara,36–45,Non-excavator,10,Obligate,,X,,Picidae,Not globally threatened,,,1,,,
Piciformes,Ramphastidae (Toucans),Lettered Araçari,Pteroglossus inscriptus,33–40,Non-excavator,10,Obligate,,X,,Picidae,Not globally threatened,,,1,,,
Piciformes,Ramphastidae (Toucans),Saffron Toucanet,Pteroglossus bailloni,35–39,Facultative excavator,10,Obligate,,X,,Picidae,Not globally threatened,,,1,,,
Piciformes,Ramphastidae (Toucans),Pale-billed Araçari,Pteroglossus erythropygius,43–48,Non-excavator,10,Obligate,,X,,Picidae (Campephilus spp.),Not globally threatened,,,1,,,
Piciformes,Ramphastidae (Toucans),Black-necked Araçari,Pteroglossus aracari,43–46,Non-excavator,10,Obligate,,X,,Picidae,Not globally threatened,,,1,,,
Piciformes,Ramphastidae (Toucans),Green-billed Toucanet ,Selenidera langsdorffii,33–35,Non-excavator,10,Obligate,,,,,Not globally threatened,,,1,,,
Piciformes,Ramphastidae (Toucans),Yellow-eared Toucanet,Selenidera spectabilis,36–38,Non-excavator,Inferred,Obligate,,,,,Not globally threatened,,,1,,,
Piciformes,Ramphastidae (Toucans),Guianan Toucanet,Selenidera piperivora,33–35,Non-excavator,10,Obligate,,X,,Picidae,Not globally threatened,,,1,,,
Piciformes,Ramphastidae (Toucans),Tawny-tufted Toucanet,Selenidera nattereri,32–33,Non-excavator,Inferred,Obligate,,,,,Not globally threatened,,,1,,,
Piciformes,Ramphastidae (Toucans),Red-billed Toucanet,Selenidera reinwardtii,33–35,Non-excavator,10,Obligate,,,,,Not globally threatened,,,1,,,
Piciformes,Ramphastidae (Toucans),Gould's Toucanet,Selenidera gouldii,33,Non-excavator,Inferred,Obligate,,,,,Not globally threatened,,,1,,,
Piciformes,Ramphastidae (Toucans),Spot-billed Toucanet,Selenidera maculirostris,33–37,Facultative excavator,10,Obligate,,X,X,Picidae,Not globally threatened,,,1,,,
Piciformes,Ramphastidae (Toucans),Ariel Toucan,Ramphastos ariel,48–56,Non-excavator,10,Obligate,,,X,,Endangered,,,1,,,
Piciformes,Ramphastidae (Toucans),Cuvier's Toucan,Ramphastos cuvieri,53–58,Non-excavator,Inferred,Obligate,,,X,,Not globally threatened,,,1,,,
Piciformes,Ramphastidae (Toucans),Toco Toucan,Ramphastos toco,55–61,Facultative excavator,10,Facultative,,X,,,Not globally threatened,,,1,,,
Piciformes,Ramphastidae (Toucans),Yellow-throated Toucan,Ramphastos ambiguus,53–56,Non-excavator,10,Obligate,,,X,,Not globally threatened,,,1,,,
Piciformes,Ramphastidae (Toucans),Keel-billed Toucan,Ramphastos sulfuratus,46–51,Non-excavator,10,Obligate,,,X,,Not globally threatened,,,1,,,
Piciformes,Ramphastidae (Toucans),Red-billed Toucan,Ramphastos tucanus,53–58,Non-excavator,10,Obligate,,,X,,Vulnerable,,,1,,,
Piciformes,Ramphastidae (Toucans),Choco Toucan,Ramphastos brevis,46–48.5,Non-excavator,Inferred,Unknown,,,,,Not globally threatened,,,1,,,
Piciformes,Ramphastidae (Toucans),Channel-billed Toucan,Ramphastos vitellinus,46–56,Non-excavator,10,Obligate,,,X,,Vulnerable,,,1,,,
Piciformes,Ramphastidae (Toucans),Red-breasted Toucan,Ramphastos dicolorus,42–48,Facultative excavator,5; 10,Obligate,,X,X,Picidae,Not globally threatened,,,1,,,
Piciformes,Ramphastidae (Toucans),Citron-throated Toucan,Ramphastos citreolaemus,48 ,Non-excavator,Inferred,Obligate,,,X,,Not globally threatened,,,1,,,
Piciformes,Ramphastidae (Toucans),Yellow-ridged Toucan,Ramphastos culminatus,48,Non-excavator,Inferred,Obligate,,,X,,Vulnerable,,,1,,,
Piciformes,Picidae (Woodpeckers),Rufous-necked Wryneck,Jynx ruficollis,19,Non-excavator,10,Facultative,,X,X,Lybiidae (Lybius torquatus and Trachyphonus vaillantii) and Picidae,Not globally threatened,,,,1,,
Piciformes,Picidae (Woodpeckers),Greyish Piculet,Picumnus granadensis,9–10,Primary excavator,10,Obligate,,X,,,Not globally threatened,,,1,,,
Piciformes,Picidae (Woodpeckers),Black-spotted Piculet ,Picumnus nigropunctatus,9,Primary excavator,10,Obligate,,X,,,Not globally threatened,,,1,,,
Piciformes,Picidae (Woodpeckers),Eurasian Wryneck ,Jynx torquilla,16–17,Non-excavator,10,Facultative,,X,X,Picidae,Not globally threatened,,1,,1,1,
Piciformes,Picidae (Woodpeckers),Speckled Piculet,Picumnus innominatus,10,Primary excavator,10,Obligate,,X,,,Not globally threatened,,1,,,1,
Piciformes,Picidae (Woodpeckers),Bar-breasted Piculet,Picumnus aurifrons,7.5 ,Primary excavator,10,Obligate,,X,,,Not globally threatened,,,1,,,
Piciformes,Picidae (Woodpeckers),Orinoco Piculet,Picumnus pumilus,9,Primary excavator,10,Obligate,,X,,,Not globally threatened,,,1,,,
Piciformes,Picidae (Woodpeckers),Lafresnaye's Piculet,Picumnus lafresnayi,9–10,Primary excavator,10,Obligate,,X,,,Not globally threatened,,,1,,,
Piciformes,Picidae (Woodpeckers),Golden-spangled Piculet,Picumnus exilis,9–10,Primary excavator,10,Obligate,,X,,,Not globally threatened,,,1,,,
Piciformes,Picidae (Woodpeckers),Ecuadorian Piculet,Picumnus sclateri,8–9,Primary excavator,10,Obligate,,X,,,Not globally threatened,,,1,,,
Piciformes,Picidae (Woodpeckers),Scaled Piculet,Picumnus squamulatus,8–9.2,Primary excavator,10,Obligate,,X,,,Not globally threatened,,,1,,,
Piciformes,Picidae (Woodpeckers),White-bellied Piculet,Picumnus spilogaster,9,Primary excavator,10,Obligate,,X,,,Vulnerable,,,1,,,
Piciformes,Picidae (Woodpeckers),Arrowhead Piculet,Picumnus minutissimus,9–10,Primary excavator,10,Obligate,,X,,,Not globally threatened,,,1,,,
Piciformes,Picidae (Woodpeckers),Spotted Piculet,Picumnus pygmaeus,10,Primary excavator,10,Obligate,,X,,,Not globally threatened,,,1,,,
Piciformes,Picidae (Woodpeckers),Speckle-chested Piculet,Picumnus steindachneri,10,Primary excavator,10,Obligate,,X,,,Not globally threatened,,,1,,,
Piciformes,Picidae (Woodpeckers),Varzea Piculet,Picumnus varzeae,8–9 ,Primary excavator,10,Obligate,,X,,,Not globally threatened,,,1,,,
Piciformes,Picidae (Woodpeckers),White-barred Piculet,Picumnus cirratus,10,Primary excavator,10,Obligate,,X,,,Not globally threatened,,,1,,,
Piciformes,Picidae (Woodpeckers),Ocellated Piculet,Picumnus dorbignyanus,10,Primary excavator,10,Obligate,,X,,,Not globally threatened,,,1,,,
Piciformes,Picidae (Woodpeckers),Ochre-collared Piculet,Picumnus temminckii,9–10,Primary excavator,10,Obligate,,X,,,Not globally threatened,,,1,,,
Piciformes,Picidae (Woodpeckers),White-wedged Piculet,Picumnus albosquamatus,10–11,Primary excavator,10,Obligate,,X,,,Not globally threatened,,,1,,,
Piciformes,Picidae (Woodpeckers),Rusty-necked Piculet,Picumnus fuscus,10,Primary excavator,10,Obligate,,X,,,Not globally threatened,,,1,,,
Piciformes,Picidae (Woodpeckers),Rufous-breasted Piculet,Picumnus rufiventris,9–11,Primary excavator,10,Obligate,,X,,,Not globally threatened,,,1,,,
Piciformes,Picidae (Woodpeckers),Tawny Piculet,Picumnus fulvescens,10,Primary excavator,10,Obligate,,X,,,Not globally threatened,,,1,,,
Piciformes,Picidae (Woodpeckers),Ochraceous Piculet,Picumnus limae,10,Primary excavator,10,Obligate,,X,,,Not globally threatened,,,1,,,
Piciformes,Picidae (Woodpeckers),Mottled Piculet,Picumnus nebulosus,10–11,Primary excavator,10,Obligate,,X,,,Not globally threatened,,,1,,,
Piciformes,Picidae (Woodpeckers),Plain-breasted Piculet,Picumnus castelnau,8–9,Primary excavator,10,Obligate,,X,,,Not globally threatened,,,1,,,
Piciformes,Picidae (Woodpeckers),Fine-barred Piculet,Picumnus subtilis,10,Primary excavator,10,Obligate,,X,,,Not globally threatened,,,1,,,
Piciformes,Picidae (Woodpeckers),Olivaceous Piculet,Picumnus olivaceus,8.5–10,Primary excavator,10,Obligate,,X,,,Not globally threatened,,,1,,,
Piciformes,Picidae (Woodpeckers),Chestnut Piculet,Picumnus cinnamomeus,9–10,Primary excavator,10,Obligate,,X,,,Not globally threatened,,,1,,,
Piciformes,Picidae (Woodpeckers),African Piculet,Verreauxia africana,9–10,Primary excavator,10,Obligate,,X,,,Not globally threatened,,,,1,,
Piciformes,Picidae (Woodpeckers),Rufous Piculet,Sasia abnormis,9,Primary excavator,10,Obligate,,X,,,Not globally threatened,,,,,1,
Piciformes,Picidae (Woodpeckers),White-browed Piculet,Sasia ochracea,9–10,Primary excavator,10,Obligate,,X,,,Not globally threatened,,1,,,1,
Piciformes,Picidae (Woodpeckers),Antillean Piculet,Nesoctites micromegas,14–16,Facultative excavator,10,Obligate,,X,,Picidae,Not globally threatened,,,1,,,
Piciformes,Picidae (Woodpeckers),Black-cheeked Woodpecker ,Melanerpes pucherani,17–19,Primary excavator,10,Obligate,,X,,,Not globally threatened,,,1,,,
Piciformes,Picidae (Woodpeckers),Grey-breasted Woodpecker,Melanerpes hypopolius,19–21,Primary excavator,10,Obligate,,X,,,Not globally threatened,,,1,,,
Piciformes,Picidae (Woodpeckers),White Woodpecker,Melanerpes candidus,24–29,Primary excavator,10,Obligate,,X,,,Not globally threatened,,,1,,,
Piciformes,Picidae (Woodpeckers),Lewis's Woodpecker,Melanerpes lewis,26–29 ,Facultative excavator,10,Facultative,,X,X,,Not globally threatened,1,,,,,
Piciformes,Picidae (Woodpeckers),Guadeloupe Woodpecker,Melanerpes herminieri, 24,Primary excavator,10,Obligate,,X,,,Not globally threatened,,,1,,,
Piciformes,Picidae (Woodpeckers),Puerto Rican Woodpecker,Melanerpes portoricensis,22,Primary excavator,10,Obligate,,X,,,Not globally threatened,,,1,,,
Piciformes,Picidae (Woodpeckers),Red-headed Woodpecker,Melanerpes erythrocephalus,24,Facultative excavator,10,Facultative,,X,X,,Not globally threatened,1,,,,,
Piciformes,Picidae (Woodpeckers),Acorn Woodpecker,Melanerpes formicivorus,23,Primary excavator,10,Obligate,,X,,,Not globally threatened,1,,1,,,
Piciformes,Picidae (Woodpeckers),Golden-naped Woodpecker,Melanerpes chrysauchen,17–18,Primary excavator,10,Obligate,,X,,,Not globally threatened,,,1,,,
Piciformes,Picidae (Woodpeckers),Yellow-tufted Woodpecker,Melanerpes cruentatus,22,Primary excavator,10,Obligate,,X,,,Not globally threatened,,,1,,,
Piciformes,Picidae (Woodpeckers),Yellow-fronted Woodpecker,Melanerpes flavifrons,17 ,Primary excavator,10,Obligate,,X,,,Not globally threatened,,,1,,,
Piciformes,Picidae (Woodpeckers),Beautiful Woodpecker,Melanerpes pulcher, 17–18,Primary excavator,10,Obligate,,X,,,Not globally threatened,,,1,,,
Piciformes,Picidae (Woodpeckers),White-fronted Woodpecker,Melanerpes cactorum,16–18 ,Primary excavator,10,Obligate,,X,,,Not globally threatened,,,1,,,
Piciformes,Picidae (Woodpeckers),Hispaniolan Woodpecker,Melanerpes striatus, 20–24,Primary excavator,10,Obligate,,X,,,Not globally threatened,,,1,,,
Piciformes,Picidae (Woodpeckers),Jamaican Woodpecker,Melanerpes radiolatus,24–26,Primary excavator,10,Obligate,,X,,,Not globally threatened,,,1,,,
Piciformes,Picidae (Woodpeckers),Golden-cheeked Woodpecker,Melanerpes chrysogenys,19–22,Primary excavator,10,Obligate,,X,,,Not globally threatened,,,1,,,
Piciformes,Picidae (Woodpeckers),Yucatan Woodpecker,Melanerpes pygmaeus,16–18,Primary excavator,10,Obligate,,X,,,Not globally threatened,1,,,,,
Piciformes,Picidae (Woodpeckers),Red-crowned Woodpecker,Melanerpes rubricapillus,16–18.5,Primary excavator,10,Obligate,,X,,,Not globally threatened,,,1,,,
Piciformes,Picidae (Woodpeckers),Gila Woodpecker,Melanerpes uropygialis,21.5–24 ,Primary excavator,10,Obligate,,X,,,Not globally threatened,1,,,,,
Piciformes,Picidae (Woodpeckers),Hoffmann's Woodpecker,Melanerpes hoffmannii ,19–21 ,Primary excavator,10,Obligate,,X,,,Not globally threatened,,,1,,,
Piciformes,Picidae (Woodpeckers),Golden-fronted Woodpecker,Melanerpes aurifrons,22–26,Primary excavator,10,Obligate,,X,,,Not globally threatened,1,,1,,,
Piciformes,Picidae (Woodpeckers),Red-bellied Woodpecker,Melanerpes carolinus, 24,Primary excavator,10,Obligate,,X,,,Not globally threatened,1,,,,,
Piciformes,Picidae (Woodpeckers),West Indian Woodpecker,Melanerpes superciliaris, 27–32,Primary excavator,10,Obligate,,X,,,Not globally threatened,,,1,,,
Piciformes,Picidae (Woodpeckers),Williamson's Sapsucker,Sphyrapicus thyroideus,21–23,Primary excavator,10,Obligate,,X,,,Not globally threatened,1,,,,,
Piciformes,Picidae (Woodpeckers),Yellow-bellied Sapsucker,Sphyrapicus varius,19–21,Primary excavator,10,Obligate,,X,,,Not globally threatened,1,,,,,
Piciformes,Picidae (Woodpeckers),Red-naped Sapsucker,Sphyrapicus nuchalis,19–21,Primary excavator,10,Obligate,,X,,,Not globally threatened,1,,,,,
Piciformes,Picidae (Woodpeckers),Red-breasted Sapsucker,Sphyrapicus ruber,20–22,Primary excavator,10,Obligate,,X,,,Not globally threatened,1,,,,,
Piciformes,Picidae (Woodpeckers),Cuban Green Woodpecker,Xiphidiopicus percussus,21–25,Primary excavator,10,Obligate,,X,,,Not globally threatened,,,1,,,
Piciformes,Picidae (Woodpeckers),Little Spotted Woodpecker,Campethera cailliautii,16,Primary excavator,10,Facultative,,X,,,Not globally threatened,,,,1,,
Piciformes,Picidae (Woodpeckers),Reichenow's Woodpecker,Campethera scriptoricauda,22,Primary excavator,10,Facultative,,X,,,Not globally threatened,,,,1,,
Piciformes,Picidae (Woodpeckers),Fine-banded Woodpecker,Campethera taeniolaema,18–20,Primary excavator,10,Obligate,,X,,,Not globally threatened,,,,1,,
Piciformes,Picidae (Woodpeckers),Knysna Woodpecker ,Campethera notata,20–22 ,Primary excavator,10,Obligate,,X,,,Not globally threatened,,,,1,,
Piciformes,Picidae (Woodpeckers),Fine-spotted Woodpecker,Campethera punctuligera,22 ,Primary excavator,10,Facultative,,X,,,Not globally threatened,,,,1,,
Piciformes,Picidae (Woodpeckers),Nubian Woodpecker,Campethera nubica,23,Primary excavator,10,Obligate,,X,X,,Not globally threatened,,,,1,,
Piciformes,Picidae (Woodpeckers),Bennett's Woodpecker,Campethera bennettii,24,Primary excavator,10,Obligate,,X,X,,Not globally threatened,,,,1,,
Piciformes,Picidae (Woodpeckers),Golden-tailed Woodpecker,Campethera abingoni,20–23,Primary excavator,10,Obligate,,X,,,Not globally threatened,,,,1,,
Piciformes,Picidae (Woodpeckers),Mombasa Woodpecker,Campethera mombassica,22,Primary excavator,10,Obligate,,X,,,Not globally threatened,,,,1,,
Piciformes,Picidae (Woodpeckers),Little Green Woodpecker,Campethera maculosa,16,Primary excavator,10,Facultative,,X,,,Not globally threatened,,,,1,,
Piciformes,Picidae (Woodpeckers),Tullberg's Woodpecker,Campethera tullbergi,18–20,Primary excavator,10,Obligate,,X,,,Not globally threatened,,,,1,,
Piciformes,Picidae (Woodpeckers),Buff-spotted Woodpecker,Campethera nivosa,14–16,Primary excavator,10,Facultative,,X,,,Not globally threatened,,,,1,,
Piciformes,Picidae (Woodpeckers),Brown-eared Woodpecker,Campethera caroli,18,Primary excavator,10,Obligate,,X,,,Not globally threatened,,,,1,,
Piciformes,Picidae (Woodpeckers),Speckle-breasted Woodpecker,Dendropicos poecilolaemus,15,Primary excavator,10,Obligate,,X,,,Not globally threatened,,,,1,,
Piciformes,Picidae (Woodpeckers),Abyssinian Woodpecker,Dendropicos abyssinicus,16,Primary excavator,10,Obligate,,X,,,Not globally threatened,,,,1,,
Piciformes,Picidae (Woodpeckers),Cardinal Woodpecker,Dendropicos fuscescens,14–16,Primary excavator,10,Obligate,,X,,,Not globally threatened,,,,1,,
Piciformes,Picidae (Woodpeckers),Melancholy Woodpecker,Dendropicos lugubris,17–18,Primary excavator,10,Obligate,,X,,,Not globally threatened,,,,1,,
Piciformes,Picidae (Woodpeckers),Gabon Woodpecker,Dendropicos gabonensis,16–17,Primary excavator,10,Obligate,,X,,,Not globally threatened,,,,1,,
Piciformes,Picidae (Woodpeckers),Bearded Woodpecker,Dendropicos namaquus,24–27,Primary excavator,10,Obligate,,X,,,Not globally threatened,,,,1,,
Piciformes,Picidae (Woodpeckers),Fire-bellied Woodpecker,Dendropicos pyrrhogaster,24,Primary excavator,10,Obligate,,X,,,Not globally threatened,,,,1,,
Piciformes,Picidae (Woodpeckers),Elliot's Woodpecker,Dendropicos elliotii,19–22,Primary excavator,10,Obligate,,X,,,Not globally threatened,,,,1,,
Piciformes,Picidae (Woodpeckers),Olive Woodpecker,Dendropicos griseocephalus,20,Primary excavator,10,Obligate,,X,,,Not globally threatened,,,,1,,
Piciformes,Picidae (Woodpeckers),Brown-backed Woodpecker,Dendropicos obsoletus,13–16,Primary excavator,10,Obligate,,X,,,Not globally threatened,,,,1,,
Piciformes,Picidae (Woodpeckers),Arabian Woodpecker,Dendropicos dorae,18,Primary excavator,10,Obligate,,X,,,Vulnerable,,1,,,,
Piciformes,Picidae (Woodpeckers),Grey Woodpecker,Dendropicos goertae,20,Primary excavator,10,Obligate,,X,,,Not globally threatened,,,,1,,
Piciformes,Picidae (Woodpeckers),Sahelian Woodpecker,Dendropicos elachus,12–14,Primary excavator,10,Obligate,,X,,,Not globally threatened,,,,1,,
Piciformes,Picidae (Woodpeckers),Johnston's Woodpecker,Dendropicos johnstoni,20–21,Primary excavator,10,Obligate,,X,,,Not globally threatened,,,,1,,
Piciformes,Picidae (Woodpeckers),Stierling’s Woodpecker ,Dendropicos stierlingi,17–18,Primary excavator,10,Obligate,,X,,,Not globally threatened,,,,1,,
Piciformes,Picidae (Woodpeckers),Yellow-crested Woodpecker,Dendropicos xantholophus,25,Primary excavator,10,Obligate,,X,,,Not globally threatened,,,,1,,
Piciformes,Picidae (Woodpeckers),Grey-headed Woodpecker,Dendropicos spodocephalus,20,Primary excavator,10,Obligate,,X,,,Not globally threatened,,,,1,,
Piciformes,Picidae (Woodpeckers),White-backed Woodpecker ,Dendrocopos leucotos,23–26,Primary excavator,10,Obligate,,X,,,Not globally threatened,,1,,,,
Piciformes,Picidae (Woodpeckers),Amami Woodpecker,Dendrocopos owstoni,25–28,Primary excavator,10,Obligate,,X,,,Not globally threatened,,1,,,,
Piciformes,Picidae (Woodpeckers),Fulvous-breasted Woodpecker,Dendrocopos macei,18–20,Primary excavator,10,Obligate,,X,,,Not globally threatened,,,,,1,
Piciformes,Picidae (Woodpeckers),Freckle-breasted Woodpecker,Dendrocopos analis,16–18,Primary excavator,10,Obligate,,X,,,Not globally threatened,,,,,1,
Piciformes,Picidae (Woodpeckers),Stripe-breasted Woodpecker,Dendrocopos atratus,21–22,Primary excavator,10,Obligate,,X,,,Not globally threatened,,1,,,1,
Piciformes,Picidae (Woodpeckers),Great Spotted Woodpecker,Dendrocopos major,20–24,Primary excavator,10,Obligate,,X,,,Not globally threatened,,1,,,1,
Piciformes,Picidae (Woodpeckers),Syrian Woodpecker,Dendrocopos syriacus,23,Primary excavator,10,Obligate,,X,,,Not globally threatened,,1,,,,
Piciformes,Picidae (Woodpeckers),White-winged Woodpecker,Dendrocopos leucopterus,22–23,Primary excavator,10,Obligate,,X,,,Not globally threatened,,1,,,,
Piciformes,Picidae (Woodpeckers),Sind Woodpecker,Dendrocopos assimilis,20–22,Primary excavator,10,Obligate,,X,,,Not globally threatened,,1,,,1,
Piciformes,Picidae (Woodpeckers),Himalayan Woodpecker,Dendrocopos himalayensis,23–25,Primary excavator,10,Obligate,,X,,,Not globally threatened,,,,,1,
Piciformes,Picidae (Woodpeckers),Darjeeling Woodpecker,Dendrocopos darjellensis,25,Primary excavator,10,Obligate,,X,,,Not globally threatened,,1,,,1,
Piciformes,Picidae (Woodpeckers),Rufous-bellied Woodpecker,Dendrocopos hyperythrus,20–25,Primary excavator,10,Obligate,,X,,,Not globally threatened,,1,,,1,
Piciformes,Picidae (Woodpeckers),Yellow-crowned Woodpecker ,Leiopicus mahrattensis,17–18,Primary excavator,10,Obligate,,X,,,Not globally threatened,,,,,1,
Piciformes,Picidae (Woodpeckers),Middle Spotted Woodpecker,Leiopicus medius,20–22 ,Primary excavator,10,Obligate,,X,,,Not globally threatened,,1,,,,
Piciformes,Picidae (Woodpeckers),Brown-fronted Woodpecker,Leiopicus auriceps,19–20,Primary excavator,10,Obligate,,X,,,Not globally threatened,,,,,1,
Piciformes,Picidae (Woodpeckers),Scarlet-breasted Woodpecker,Dryobates cathpharius,17–19,Primary excavator,10,Obligate,,X,,,Not globally threatened,,,,,1,
Piciformes,Picidae (Woodpeckers),Lesser Spotted Woodpecker ,Dryobates minor,14–16 ,Primary excavator,10,Obligate,,X,,,Not globally threatened,,1,,,,
Piciformes,Picidae (Woodpeckers),Nuttall's Woodpecker ,Dryobates nuttallii,19 ,Primary excavator,10,Obligate,,X,,,Not globally threatened,1,,,,,
Piciformes,Picidae (Woodpeckers),Crimson-breasted Woodpecker,Dryobates pernyii,17–19,Primary excavator,10,Obligate,,X,,,Not globally threatened,,1,,,1,
Piciformes,Picidae (Woodpeckers),Ladder-backed Woodpecker,Dryobates scalaris,18 ,Primary excavator,10,Obligate,,X,,,Not globally threatened,1,,1,,,
Piciformes,Picidae (Woodpeckers),Downy Woodpecker,Dryobates pubescens,15–17,Primary excavator,10,Obligate,,X,,,Not globally threatened,1,,,,,
Piciformes,Picidae (Woodpeckers),Smoky-brown Woodpecker,Leuconotopicus fumigatus,18,Primary excavator,10,Obligate,,X,,,Not globally threatened,,,1,,,
Piciformes,Picidae (Woodpeckers),Hairy Woodpecker,Leuconotopicus villosus,16.5–26,Primary excavator,10,Obligate,,X,,,Not globally threatened,1,,1,,,
Piciformes,Picidae (Woodpeckers),Arizona Woodpecker,Leuconotopicus arizonae,18–20,Primary excavator,10,Obligate,,X,,,Not globally threatened,1,,,,,
Piciformes,Picidae (Woodpeckers),Strickland's Woodpecker,Leuconotopicus stricklandi,18–19,Primary excavator,10,Obligate,,X,,,Not globally threatened,1,,,,,
Piciformes,Picidae (Woodpeckers),Red-cockaded Woodpecker,Leuconotopicus borealis,22,Primary excavator,10,Obligate,,X,,,Not globally threatened,,,1,,,
Piciformes,Picidae (Woodpeckers),White-headed Woodpecker,Leuconotopicus albolarvatus,24,Primary excavator,10,Obligate,,X,,,Not globally threatened,1,,,,,
Piciformes,Picidae (Woodpeckers),Grey-capped Woodpecker,Picoides canicapillus,14–16,Primary excavator,10,Obligate,,X,,,Not globally threatened,,1,,,1,
Piciformes,Picidae (Woodpeckers),Dark-bodied Woodpecker,Picoides funebris,22,Primary excavator,10,Obligate,,X,,,Not globally threatened,,1,,,1,
Piciformes,Picidae (Woodpeckers),Japanese Pygmy Woodpecker,Picoides kizuki ,13–15,Primary excavator,10,Obligate,,X,,,Not globally threatened,,1,,,1,
Piciformes,Picidae (Woodpeckers),Sulu Pygmy Woodpecker,Picoides ramsayi,13–14,Primary excavator,10,Obligate,,X,,,Vulnerable,,,,,1,
Piciformes,Picidae (Woodpeckers),Philippine Pygmy Woodpecker,Picoides maculatus,13–14,Primary excavator,10,Obligate,,X,,,Not globally threatened,,,,,1,
Piciformes,Picidae (Woodpeckers),Sunda Pygmy Woodpecker,Picoides moluccensis,13 ,Primary excavator,10,Obligate,,X,,,Not globally threatened,,,,,1,
Piciformes,Picidae (Woodpeckers),Indian Pygmy Woodpecker ,Picoides nanus,13,Primary excavator,10,Obligate,,X,,,Not globally threatened,,,,,1,
Piciformes,Picidae (Woodpeckers),Sulawesi Pygmy Woodpecker,Picoides temminckii,13–14,Primary excavator,10,Obligate,,X,,,Not globally threatened,,,,,1,
Piciformes,Picidae (Woodpeckers),Three-toed Woodpecker,Picoides tridactylus,20–24,Primary excavator,10,Obligate,,X,,,Not globally threatened,1,1,,,,
Piciformes,Picidae (Woodpeckers),Black-backed Woodpecker,Picoides arcticus,23–25,Primary excavator,10,Obligate,,X,,,Not globally threatened,1,,,,,
Piciformes,Picidae (Woodpeckers),Red-rumped Woodpecker,Veniliornis kirkii,15–16,Primary excavator,10,Obligate,,X,,,Not globally threatened,,,1,,,
Piciformes,Picidae (Woodpeckers),Golden-collared Woodpecker,Veniliornis cassini ,16,Primary excavator,10,Obligate,,X,,,Not globally threatened,,,1,,,
Piciformes,Picidae (Woodpeckers),White-spotted Woodpecker,Veniliornis spilogaster,16–19.5,Primary excavator,10,Obligate,,X,,,Not globally threatened,,,1,,,
Piciformes,Picidae (Woodpeckers),Checkered Woodpecker,Veniliornis mixtus,14,Primary excavator,10,Obligate,,X,,,Not globally threatened,,,1,,,
Piciformes,Picidae (Woodpeckers),Striped Woodpecker,Veniliornis lignarius,15–16,Primary excavator,10,Obligate,,X,,,Not globally threatened,,,1,,,
Piciformes,Picidae (Woodpeckers),Blood-colored Woodpecker,Veniliornis sanguineus,13,Primary excavator,10,Obligate,,X,,,Not globally threatened,,,1,,,
Piciformes,Picidae (Woodpeckers),Little Woodpecker,Veniliornis passerinus,14–15,Primary excavator,10,Obligate,,X,,,Not globally threatened,,,1,,,
Piciformes,Picidae (Woodpeckers),Dot-fronted Woodpecker,Veniliornis frontalis,16 ,Primary excavator,10,Obligate,,X,,,Not globally threatened,,,1,,,
Piciformes,Picidae (Woodpeckers),Scarlet-backed Woodpecker,Veniliornis callonotus,13,Primary excavator,10,Obligate,,X,,,Not globally threatened,,,1,,,
Piciformes,Picidae (Woodpeckers),Yellow-vented Woodpecker,Veniliornis dignus,16–17,Primary excavator,10,Obligate,,X,,,Not globally threatened,,,1,,,
Piciformes,Picidae (Woodpeckers),Bar-bellied Woodpecker,Veniliornis nigriceps,17–20,Primary excavator,10,Obligate,,X,,,Not globally threatened,,,1,,,
Piciformes,Picidae (Woodpeckers),Red-stained Woodpecker,Veniliornis affinis, 15–18,Primary excavator,10,Obligate,,X,,,Not globally threatened,,,1,,,
Piciformes,Picidae (Woodpeckers),Choco Woodpecker,Veniliornis chocoensis,15–16,Primary excavator,10,Obligate,,X,,,Not globally threatened,,,1,,,
Piciformes,Picidae (Woodpeckers),Yellow-eared Woodpecker,Veniliornis maculifrons,15,Primary excavator,10,Obligate,,X,,,Not globally threatened,,,1,,,
Piciformes,Picidae (Woodpeckers),Yellow-browed Woodpecker,Piculus aurulentus,21–22 ,Primary excavator,10,Obligate,,X,,,Not globally threatened,,,1,,,
Piciformes,Picidae (Woodpeckers),Rufous-winged Woodpecker,Piculus simplex,18 ,Primary excavator,10,Obligate,,X,,,Not globally threatened,,,1,,,
Piciformes,Picidae (Woodpeckers),Stripe-cheeked Woodpecker,Piculus callopterus,17,Primary excavator,10,Obligate,,X,,,Not globally threatened,,,1,,,
Piciformes,Picidae (Woodpeckers),White-throated Woodpecker,Piculus leucolaemus,19–20,Primary excavator,10,Obligate,,X,,,Not globally threatened,,,1,,,
Piciformes,Picidae (Woodpeckers),Lita Woodpecker,Piculus litae, 17–18,Primary excavator,10,Obligate,,X,,,Not globally threatened,,,1,,,
Piciformes,Picidae (Woodpeckers),Yellow-throated Woodpecker,Piculus flavigula,19–20,Primary excavator,10,Obligate,,X,,,Not globally threatened,,,1,,,
Piciformes,Picidae (Woodpeckers),Golden-green Woodpecker,Piculus chrysochloros,18–21,Primary excavator,10,Facultative,,X,,,Not globally threatened,,,1,,,
Piciformes,Picidae (Woodpeckers),Yellow-shafted Flicker,Colaptes auratus,30–35,Primary excavator,10,Facultative,,X,,,Not globally threatened,1,,1,,,
Piciformes,Picidae (Woodpeckers),Guatemalan Flicker,Colaptes mexicanoides,34–35,Primary excavator,10,Obligate,,X,,,Not globally threatened,,,1,,,
Piciformes,Picidae (Woodpeckers),Black-crowned Woodpecker,Colaptes atriceps,27,Primary excavator,10,Obligate,,X,,,Not globally threatened,,,1,,,
Piciformes,Picidae (Woodpeckers),Pampas Flicker,Colaptes campestroides,28–31,Primary excavator,10,Obligate,,X,,,Not globally threatened,,,1,,,
Piciformes,Picidae (Woodpeckers),Grey-crowned Woodpecker,Colaptes auricularis,16–17,Primary excavator,10,Obligate,,X,,,Not globally threatened,1,,,,,
Piciformes,Picidae (Woodpeckers),Golden-breasted Woodpecker,Colaptes melanolaimus, 28–30,Primary excavator,10,Obligate,,X,,,Not globally threatened,,,1,,,
Piciformes,Picidae (Woodpeckers),Red-shafted Flicker,Colaptes cafer,30–34,Primary excavator,10,Obligate,,X,,,Not globally threatened,,,1,,,
Piciformes,Picidae (Woodpeckers),Bronze-winged Woodpecker,Colaptes aeruginosus,20–21,Primary excavator,10,Obligate,,X,,,Not globally threatened,,,1,,,
Piciformes,Picidae (Woodpeckers),Crimson-mantled Woodpecker ,Colaptes rivolii,22–28,Primary excavator,10,Obligate,,X,,,Not globally threatened,,,1,,,
Piciformes,Picidae (Woodpeckers),Golden-olive Woodpecker,Colaptes rubiginosus,18–23,Primary excavator,10,Obligate,,X,,,Not globally threatened,,,1,,,
Piciformes,Picidae (Woodpeckers),Black-necked Woodpecker,Colaptes atricollis,26–27,Primary excavator,10,Obligate,,X,,,Not globally threatened,,,1,,,
Piciformes,Picidae (Woodpeckers),Spot-breasted Woodpecker,Colaptes punctigula,18–21,Primary excavator,10,Obligate,,X,,,Not globally threatened,,,1,,,
Piciformes,Picidae (Woodpeckers),Green-barred Woodpecker,Colaptes melanochloros, 27–29,Primary excavator,10,Obligate,,X,,,Not globally threatened,,,1,,,
Piciformes,Picidae (Woodpeckers),Gilded Flicker,Colaptes chrysoides,26–30,Primary excavator,10,Obligate,,X,,,Not globally threatened,1,,,,,
Piciformes,Picidae (Woodpeckers),Fernandina's Flicker,Colaptes fernandinae,30 ,Primary excavator,10,Obligate,,X,,,Vulnerable,,,1,,,
Piciformes,Picidae (Woodpeckers),Northern Andean Flicker,Colaptes cinereicapillus,32,Primary excavator,10,Facultative,X,X,,,Not globally threatened,,,1,,,
Piciformes,Picidae (Woodpeckers),Southern Andean Flicker,Colaptes rupicola,32,Primary excavator,10,Facultative,X,X,,,Not globally threatened,,,1,,,
Piciformes,Picidae (Woodpeckers),Chilean Flicker,Colaptes pitius,30,Primary excavator,10,Obligate,,X,,,Not globally threatened,,,1,,,
Piciformes,Picidae (Woodpeckers),Campo Flicker,Colaptes campestris,28–31,Primary excavator,10,Facultative,,X,,,Not globally threatened,,,1,,,
Piciformes,Picidae (Woodpeckers),Scaly-breasted Woodpecker,Celeus grammicus,23–26,Primary excavator,10,Obligate,,X,,,Not globally threatened,,,1,,,
Piciformes,Picidae (Woodpeckers),Amazonian Black-breasted Woodpecker,Celeus occidentalis,26,Primary excavator,10,Obligate,,X,,,Not globally threatened,,,1,,,
Piciformes,Picidae (Woodpeckers),Rufous-headed Woodpecker,Celeus spectabilis,26–28,Primary excavator,10,Obligate,,X,,,Not globally threatened,,,1,,,
Piciformes,Picidae (Woodpeckers),Atlantic Black-breasted Woodpecker,Celeus tinnunculus,26,Primary excavator,10,Obligate,,X,,,Vulnerable,,,1,,,
Piciformes,Picidae (Woodpeckers),Kaempfer’s Woodpecker,Celeus obrieni,27,Primary excavator,10,Obligate,,X,,,Endangered,,,1,,,
Piciformes,Picidae (Woodpeckers),Ochre-backed Woodpecker,Celeus ochraceus,25–27,Primary excavator,10,Obligate,,X,,,Not globally threatened,,,1,,,
Piciformes,Picidae (Woodpeckers),Cinnamon Woodpecker,Celeus loricatus,19–23,Primary excavator,10,Obligate,,X,,,Not globally threatened,,,1,,,
Piciformes,Picidae (Woodpeckers),Waved Woodpecker,Celeus undatus,23–24 ,Primary excavator,10,Obligate,,X,,,Not globally threatened,,,1,,,
Piciformes,Picidae (Woodpeckers),Chestnut-colored Woodpecker,Celeus castaneus,23–25,Primary excavator,10,Obligate,,X,,,Not globally threatened,1,,1,,,
Piciformes,Picidae (Woodpeckers),Chestnut Woodpecker,Celeus elegans,26–32,Primary excavator,10,Obligate,,X,,,Not globally threatened,,,1,,,
Piciformes,Picidae (Woodpeckers),Pale-crested Woodpecker,Celeus lugubris, 23–24,Primary excavator,10,Facultative,,X,,,Not globally threatened,,,1,,,
Piciformes,Picidae (Woodpeckers),Blond-crested Woodpecker,Celeus flavescens,27–30,Primary excavator,10,Obligate,,X,,,Not globally threatened,,,1,,,
Piciformes,Picidae (Woodpeckers),Cream-colored Woodpecker,Celeus flavus, 24–26,Primary excavator,10,Obligate,,X,,,Not globally threatened,,,1,,,
Piciformes,Picidae (Woodpeckers),Ringed Woodpecker,Celeus torquatus,26–28,Primary excavator,10,Obligate,,X,,,Not globally threatened,,,1,,,
Piciformes,Picidae (Woodpeckers),Dusky-winged Woodpecker,Hylatomus fuscipennis,30–34,Primary excavator,10,Obligate,,X,,,Not globally threatened,,,1,,,
Piciformes,Picidae (Woodpeckers),Helmeted Woodpecker,Hylatomus galeatus,27–28,Primary excavator,10,Obligate,,X,,,Vulnerable,,,1,,,
Piciformes,Picidae (Woodpeckers),Lineated Woodpecker,Hylatomus lineatus, 30–36,Primary excavator,10,Obligate,,X,,,Not globally threatened,,,1,,,
Piciformes,Picidae (Woodpeckers),Pileated Woodpecker,Hylatomus pileatus,40–48,Primary excavator,10,Obligate,,X,,,Not globally threatened,1,,,,,
Piciformes,Picidae (Woodpeckers),Black-bodied Woodpecker ,Hylatomus schulzii,29–30 ,Primary excavator,10,Obligate,,X,,,Not globally threatened,,,1,,,
Piciformes,Picidae (Woodpeckers),White-bellied Woodpecker,Dryocopus javensis,40–48,Primary excavator,10,Obligate,,X,,,Not globally threatened,,,,,1,
Piciformes,Picidae (Woodpeckers),Andaman Woodpecker,Dryocopus hodgei,38 ,Primary excavator,10,Obligate,,X,,,Not globally threatened,,,,,1,
Piciformes,Picidae (Woodpeckers),Black Woodpecker,Dryocopus martius,45–55,Primary excavator,10,Obligate,,X,,,Not globally threatened,,1,,,,
Piciformes,Picidae (Woodpeckers),Splendid Woodpecker,Campephilus splendens,33–34,Primary excavator,10,Obligate,,X,,,Not globally threatened,,,1,,,
Piciformes,Picidae (Woodpeckers),Powerful Woodpecker,Campephilus pollens,32,Primary excavator,10,Obligate,,X,,,Not globally threatened,,,1,,,
Piciformes,Picidae (Woodpeckers),Crimson-bellied Woodpecker,Campephilus haematogaster,33–34,Primary excavator,10,Obligate,,X,,,Not globally threatened,,,1,,,
Piciformes,Picidae (Woodpeckers),Red-necked Woodpecker,Campephilus rubricollis,30–32,Primary excavator,10,Obligate,,X,,,Not globally threatened,,,1,,,
Piciformes,Picidae (Woodpeckers),Robust Woodpecker,Campephilus robustus,32–37,Primary excavator,10,Obligate,,X,,,Not globally threatened,,,1,,,
Piciformes,Picidae (Woodpeckers),Crimson-crested Woodpecker,Campephilus melanoleucos,33–38,Primary excavator,10,Obligate,,X,,,Not globally threatened,,,1,,,
Piciformes,Picidae (Woodpeckers),Pale-billed Woodpecker,Campephilus guatemalensis,31–38,Primary excavator,10,Obligate,,X,,,Not globally threatened,1,,1,,,
Piciformes,Picidae (Woodpeckers),Guayaquil Woodpecker,Campephilus gayaquilensis,32–34,Primary excavator,10,Obligate,,X,,,Not globally threatened,,,1,,,
Piciformes,Picidae (Woodpeckers),Cream-backed Woodpecker,Campephilus leucopogon,28–30,Primary excavator,10,Obligate,,X,,,Not globally threatened,,,1,,,
Piciformes,Picidae (Woodpeckers),Magellanic Woodpecker,Campephilus magellanicus,36–38,Primary excavator,10,Obligate,,X,,,Not globally threatened,,,1,,,
Piciformes,Picidae (Woodpeckers),Ivory-billed Woodpecker,Campephilus principalis,48–53,Primary excavator,10,Obligate,,X,,,Critically Endangered,1,,1,,,
Piciformes,Picidae (Woodpeckers),Imperial Woodpecker,Campephilus imperialis,56–60,Primary excavator,10,Obligate,,X,,,Critically Endangered ,,,1,,,
Piciformes,Picidae (Woodpeckers),Banded Woodpecker,Chrysophlegma miniaceum,23–26,Primary excavator,10,Obligate,,X,,,Not globally threatened,,,,,1,
Piciformes,Picidae (Woodpeckers),Chequer-throated Yellownape,Chrysophlegma humii,26 ,Primary excavator,10,Obligate,,X,,,Not globally threatened,,,,,1,
Piciformes,Picidae (Woodpeckers),Javan Yellownape,Chrysophlegma mentale,26–28,Primary excavator,10,Obligate,,X,,,Not globally threatened,,,,,1,
Piciformes,Picidae (Woodpeckers),Greater Yellownape,Chrysophlegma flavinucha, 33–34,Primary excavator,10,Obligate,,X,,,Not globally threatened,,1,,,1,
Piciformes,Picidae (Woodpeckers),Sumatran Woodpecker,Picus dedemi,26–30,Primary excavator,10,Obligate,,X,,,Not globally threatened,,,,,1,
Piciformes,Picidae (Woodpeckers),Iberian Green Woodpecker,Picus sharpei,31–33,Primary excavator,10,Obligate,,X,,,Not globally threatened,,1,,,,
Piciformes,Picidae (Woodpeckers),Maghreb Green Woodpecker,Picus vaillantii,30–32,Primary excavator,10,Obligate,,X,,,Not globally threatened,,1,,,,
Piciformes,Picidae (Woodpeckers),Grey-faced Woodpecker,Picus canus,28–33,Primary excavator,10,Obligate,,X,,,Not globally threatened,,1,,,,
Piciformes,Picidae (Woodpeckers),Black-naped Woodpecker,Picus guerini,28–33,Primary excavator,10,Obligate,,X,X,,Not globally threatened,,1,,,1,
Piciformes,Picidae (Woodpeckers),Lesser Yellownape,Picus chlorolophus ,25–28,Primary excavator,10,Obligate,,X,,,Not globally threatened,,1,,,1,
Piciformes,Picidae (Woodpeckers),Crimson-winged Woodpecker,Picus puniceus,25,Primary excavator,10,Obligate,,X,,,Not globally threatened,,,,,1,
Piciformes,Picidae (Woodpeckers),Streak-breasted Woodpecker,Picus viridanus,30–33,Primary excavator,10,Obligate,,X,,,Not globally threatened,,,,,1,
Piciformes,Picidae (Woodpeckers),Laced Woodpecker,Picus vittatus,30–33,Primary excavator,10,Obligate,,X,,,Not globally threatened,,,,,1,
Piciformes,Picidae (Woodpeckers),Streak-throated Woodpecker,Picus xanthopygaeus,30,Primary excavator,10,Obligate,,X,,,Not globally threatened,,,,,1,
Piciformes,Picidae (Woodpeckers),Scaly-bellied Woodpecker,Picus squamatus,35 ,Primary excavator,10,Obligate,,X,,,Not globally threatened,,1,,,,
Piciformes,Picidae (Woodpeckers),Japanese Woodpecker,Picus awokera,29–30,Primary excavator,10,Obligate,,X,,,Not globally threatened,,1,,,,
Piciformes,Picidae (Woodpeckers),Eurasian Green Woodpecker,Picus viridis,31–33,Primary excavator,10,Obligate,,X,,,Not globally threatened,,1,,,,
Piciformes,Picidae (Woodpeckers),Red-collared Woodpecker,Picus rabieri,30,Primary excavator,10,Obligate,,X,,,Not globally threatened,,,,,1,
Piciformes,Picidae (Woodpeckers),Black-headed Woodpecker,Picus erythropygius,33,Primary excavator,10,Obligate,,X,,,Not globally threatened,,,,,1,
Piciformes,Picidae (Woodpeckers),Heart-spotted Woodpecker ,Hemicircus canente,15–16,Primary excavator,10,Obligate,,X,,,Not globally threatened,,,,,1,
Piciformes,Picidae (Woodpeckers),Red-crested Woodpecker,Hemicircus concretus,13–14,Primary excavator,10,Obligate,,X,,,Not globally threatened,,,,,1,
Piciformes,Q,Grey-and-buff Woodpecker,Hemicircus sordidus,13,Primary excavator,10,Obligate,,X,,,Not globally threatened,,,,,1,
Piciformes,Picidae (Woodpeckers),Lesser Sri Lanka Flameback,Dinopium psarodes,28,Primary excavator,10,Obligate,,X,,,Not globally threatened,,,,,1,
Piciformes,Picidae (Woodpeckers),Olive-backed Woodpecker,Dinopium rafflesii,26–28,Primary excavator,10,Obligate,,X,,,Not globally threatened,,,,,1,
Piciformes,Picidae (Woodpeckers),Himalayan Flameback,Dinopium shorii,30–32,Primary excavator,10,Obligate,,X,,,Not globally threatened,,,,,1,
Piciformes,Picidae (Woodpeckers),Common Flameback,Dinopium javanense,28–30,Primary excavator,10,Obligate,,X,,,Not globally threatened,,1,,,1,
Piciformes,Picidae (Woodpeckers),Spot-throated Flameback,Dinopium everetti,8–30,Primary excavator,10,Obligate,,X,,,Not globally threatened,,,,,1,
Piciformes,Picidae (Woodpeckers),Black-rumped Flameback,Dinopium benghalense,26–29,Primary excavator,10,Obligate,,X,,,Not globally threatened,,,,,1,
Piciformes,Picidae (Woodpeckers),Bamboo Woodpecker ,Gecinulus viridis,25–26,Primary excavator,10,Obligate,,X,,,Not globally threatened,,,,,1,
Piciformes,Picidae (Woodpeckers),Pale-headed Woodpecker,Gecinulus grantia,25–27,Primary excavator,10,Obligate,,X,,,Not globally threatened,,1,,,1,
Piciformes,Picidae (Woodpeckers),Rufous Woodpecker,Q,25,Primary excavator,10,Facultative,,X,,,Not globally threatened,,1,,,1,
Piciformes,Picidae (Woodpeckers),Buff-rumped Woodpecker ,Meiglyptes grammithorax,17–18,Primary excavator,10,Obligate,,X,,,Not globally threatened,,,,,1,
Piciformes,Picidae (Woodpeckers),White-rumped Woodpecker,Meiglyptes tristis,17–18,Primary excavator,10,Obligate,,X,,,Endangered,,,,,1,
Piciformes,Picidae (Woodpeckers),Black-and-buff Woodpecker,Meiglyptes jugularis, 22,Primary excavator,10,Obligate,,X,,,Not globally threatened,,,,,1,
Piciformes,Picidae (Woodpeckers),Buff-necked Woodpecker,Meiglyptes tukki,21,Primary excavator,10,Obligate,,X,,,Not globally threatened,,,,,1,
Piciformes,Picidae (Woodpeckers),Greater Sri Lanka Flameback,Chrysocolaptes stricklandi,29–30,Primary excavator,10,Obligate,,X,,,Not globally threatened,,,,,1,
Piciformes,Picidae (Woodpeckers),Greater Flameback,Chrysocolaptes guttacristatus,30–34,Primary excavator,10,Obligate,,X,,,Not globally threatened,,,,,1,
Piciformes,Picidae (Woodpeckers),Javan Flameback,Chrysocolaptes strictus,28–32,Primary excavator,10,Obligate,,X,,,Vulnerable,,,,,1,
Piciformes,Picidae (Woodpeckers),Luzon Flameback,Chrysocolaptes haematribon,28–32,Primary excavator,10,Obligate,,X,,,Not globally threatened,,,,,1,
Piciformes,Picidae (Woodpeckers),Yellow-faced Flameback,Chrysocolaptes xanthocephalus,28–30,Primary excavator,10,Obligate,,X,,,Endangered,,,,,1,
Piciformes,Picidae (Woodpeckers),Buff-spotted Flameback,Chrysocolaptes lucidus,28–34,Primary excavator,10,Obligate,,X,,,Not globally threatened,,,,,1,
Piciformes,Picidae (Woodpeckers),Red-headed Flameback,Chrysocolaptes erythrocephalus,28–34,Primary excavator,10,Obligate,,X,,,Endangered,,,,,1,
Piciformes,Picidae (Woodpeckers),White-naped Woodpecker,Chrysocolaptes festivus,29,Primary excavator,10,Obligate,,X,,,Not globally threatened,,,,,1,
Piciformes,Picidae (Woodpeckers),Okinawa Woodpecker,Dendrocopos noguchii,31–35,Primary excavator,10,Obligate,,X,,,Critically Endangered,,1,,,,
Piciformes,Picidae (Woodpeckers),Maroon Woodpecker,Blythipicus rubiginosus,23,Primary excavator,10,Obligate,,X,,,Not globally threatened,,,,,1,
Piciformes,Picidae (Woodpeckers),Bay Woodpecker,Blythipicus pyrrhotis,30,Primary excavator,10,Obligate,,X,,,Not globally threatened,,1,,,1,
Piciformes,Picidae (Woodpeckers),Orange-backed Woodpecker,Chrysocolaptes validus,30,Primary excavator,10,Obligate,,X,,,Not globally threatened,,,,,1,
Piciformes,Picidae (Woodpeckers),Southern Sooty Woodpecker,Mulleripicus fuliginosus,29–30,Primary excavator,10,Obligate,,X,,,Vulnerable,,,,,1,
Piciformes,Picidae (Woodpeckers),Northern Sooty Woodpecker,Mulleripicus funebris,30–32,Primary excavator,10,Obligate,,X,,,Not globally threatened,,,,,1,
Piciformes,Picidae (Woodpeckers),Ashy Woodpecker,Mulleripicus fulvus,40,Primary excavator,10,Obligate,,X,,,Not globally threatened,,,,,1,
Piciformes,Picidae (Woodpeckers),Great Slaty Woodpecker,Mulleripicus pulverulentus,50,Primary excavator,10,Obligate,,X,,,Vulnerable,,,,,1,
Falconiformes,Falconidae (Falcons and Caracaras),Yellow-headed Caracara ,Milvago chimachima,40–45,Non-excavator,10,Facultative,X,X,X,Ramphastidae,Not globally threatened,,,1,,,
Falconiformes,Falconidae (Falcons and Caracaras),Chimango Caracara,Phalcoboenus chimango,37–43,Non-excavator,1,Facultative,X,,X,,Not globally threatened,,,1,,,
Falconiformes,Falconidae (Falcons and Caracaras),Plumbeous Forest-falcon,Micrastur plumbeus,31–36,Non-excavator,10,Unknown,,,X,,Vulnerable,,,1,,,
Falconiformes,Falconidae (Falcons and Caracaras),Barred Forest-falcon ,Micrastur ruficollis,31–38,Non-excavator,10,Obligate,,X,X,Picidae,Not globally threatened,,,1,,,
Falconiformes,Falconidae (Falcons and Caracaras),Lined Forest-falcon,Micrastur gilvicollis,33–38,Non-excavator,10,Unknown,,,X,,Not globally threatened,,,1,,,
Falconiformes,Falconidae (Falcons and Caracaras),Cryptic Forest-falcon,Micrastur mintoni,30–35,Non-excavator,10,Unknown,,,X,,Not globally threatened,,,1,,,
Falconiformes,Falconidae (Falcons and Caracaras),Collared Forest-falcon,Micrastur semitorquatus,46–58,Non-excavator,10,Obligate,,,X,,Not globally threatened,,,1,,,
Falconiformes,Falconidae (Falcons and Caracaras),Buckley's Forest-falcon,Micrastur buckleyi,41–51,Non-excavator,10,Unknown,,,X,,Not globally threatened,,,1,,,
Falconiformes,Falconidae (Falcons and Caracaras),Slaty-backed Forest-falcon ,Micrastur mirandollei,40–45 ,Non-excavator,10,Unknown,,,X,,Not globally threatened,,,1,,,
Falconiformes,Falconidae (Falcons and Caracaras),Laughing Falcon,Herpetotheres cachinnans,45–53,Non-excavator,10,Facultative,,,X,,Not globally threatened,,,1,,,
Falconiformes,Falconidae (Falcons and Caracaras),Black-thighed Falconet ,Microhierax fringillarius,14–17 ,Non-excavator,10,Facultative,,X,X,Megalaimidae and Picidae,Not globally threatened,,,,,1,
Falconiformes,Falconidae (Falcons and Caracaras),Collared Falconet,Microhierax caerulescens,14–18,Non-excavator,10,Obligate,,X,X,Megalaimidae (Megalaima zeylanica and M. lineata) and Picidae,Not globally threatened,,,,,1,
Falconiformes,Falconidae (Falcons and Caracaras),White-fronted Falconet,Microhierax latifrons,14–17,Non-excavator,10,Obligate,,X,,Picidae and Megalaimidae,Not globally threatened,,,1,,,
Falconiformes,Falconidae (Falcons and Caracaras),Philippine Falconet,Microhierax erythrogenys,15–18,Non-excavator,10,Obligate,,X,,Picidae and Megalaimidae,Not globally threatened,,,,,1,
Falconiformes,Falconidae (Falcons and Caracaras),Pied Falconet,Microhierax melanoleucos,15–19,Non-excavator,10,Obligate,,X,,Picidae and Megalaimidae,Not globally threatened,,1,,,1,
Falconiformes,Falconidae (Falcons and Caracaras),White-rumped Pygmy-falcon ,Polihierax insignis,23–28 ,Non-excavator,10,Unknown,,X,,Picidae ,Not globally threatened,,,,,1,
Falconiformes,Falconidae (Falcons and Caracaras),Australian Hobby,Falco longipennis,30–35,Non-excavator,10,Facultative,,,X,,Not globally threatened,,,,,1,1
Falconiformes,Falconidae (Falcons and Caracaras),New Zealand Falcon,Falco novaeseelandiae,36–48,Non-excavator,10,Facultative,,,X,,Not globally threatened,,,,,,1
Falconiformes,Falconidae (Falcons and Caracaras),Nankeen Kestrel,Falco cenchroides,28–35,Non-excavator,10,Facultative,,,X,,Not globally threatened,,,,,,1
Falconiformes,Falconidae (Falcons and Caracaras),Common Kestrel,Falco tinnunculus,27–35,Non-excavator,10,Facultative,,,X,,Not globally threatened,,1,,,1,
Falconiformes,Falconidae (Falcons and Caracaras),Dickinson's Kestrel ,Falco dickinsoni,27–30,Non-excavator,10,Facultative,,,X,,Not globally threatened,,,,1,,
Falconiformes,Falconidae (Falcons and Caracaras),Mauritius Kestrel,Falco punctatus,25–29,Non-excavator,10,Facultative,,,X,,Endangered,,,,1,,
Falconiformes,Falconidae (Falcons and Caracaras),Seychelles Kestrel,Falco araeus,15–24,Non-excavator,10,Facultative,,,X,,Vulnerable,,,,1,,
Falconiformes,Falconidae (Falcons and Caracaras),Greater Kestrel ,Falco rupicoloides,29–37,Non-excavator,10,Facultative,,,X,,Not globally threatened,,,,1,,
Falconiformes,Falconidae (Falcons and Caracaras),Spotted Kestrel,Falco moluccensis,26–32,Non-excavator,10,Facultative,,,X,,Not globally threatened,,,,,1,
Falconiformes,Falconidae (Falcons and Caracaras),American Kestrel,Falco sparverius,21–31,Non-excavator,10,Obligate,,X,X,Picidae,Not globally threatened,1,,1,,,
Falconiformes,Falconidae (Falcons and Caracaras),Banded Kestrel,Falco zoniventris,25–29,Non-excavator,10,Facultative,,,X,,Not globally threatened,,,,1,,
Falconiformes,Falconidae (Falcons and Caracaras),Madagascar Kestrel ,Falco newtoni,25,Non-excavator,10,Facultative,,,X,,Not globally threatened,,,,1,,
Falconiformes,Falconidae (Falcons and Caracaras),Grey Kestrel,Falco ardosiaceus,28–33,Non-excavator,10,Facultative,,,X,,Not globally threatened,,,,1,,
Falconiformes,Falconidae (Falcons and Caracaras),Red-footed Falcon,Falco vespertinus,27–32,Non-excavator,10,Facultative,,,X,,Not globally threatened,,1,,,,
Falconiformes,Falconidae (Falcons and Caracaras),Amur Falcon,Falco amurensis,28–30,Non-excavator,10,Facultative,,,X,,Not globally threatened,,1,,,,
Falconiformes,Falconidae (Falcons and Caracaras),Merlin,Falco columbarius,24–32,Non-excavator,10,Facultative,,,X,,Not globally threatened,1,1,,,,
Falconiformes,Falconidae (Falcons and Caracaras),Bat Falcon,Falco rufigularis,23–30,Non-excavator,10,Facultative,,X,X,Psittaciformes,Not globally threatened,,,1,,,
Falconiformes,Falconidae (Falcons and Caracaras),Peregrine Falcon,Falco peregrinus,35–51,Non-excavator,10,Facultative,X,,X,,Not globally threatened,1,1,1,1,1,1
Falconiformes,Falconidae (Falcons and Caracaras),Orange-breasted Falcon,Falco deiroleucus,33–40,Non-excavator,10,Facultative,,,X,,Not globally threatened,,,1,,,
Psittaciformes,Strigopidae (New Zealand Parrots),New Zealand Kaka,Nestor meridionalis,45,Non-excavator,10,Facultative,,,X,,Endangered,,,,,,1
Psittaciformes,Cacatuidae (Cockatoos),Blue-eyed Cockatoo,Cacatua ophthalmica,44–50,Non-excavator,10,Obligate,,,X,,Vulnerable,,,,,,1
Psittaciformes,Cacatuidae (Cockatoos),Major Mitchell's Cockatoo,Cacatua leadbeateri,33–40,Non-excavator,10,Obligate,,,X,,Not globally threatened,,,,,,1
Psittaciformes,Cacatuidae (Cockatoos),Long-billed Corella,Cacatua tenuirostris,37–40,Non-excavator,10,Obligate,,,X,,Not globally threatened,,,,,,1
Psittaciformes,Cacatuidae (Cockatoos),Western Corella,Cacatua pastinator,37–45,Non-excavator,10,Obligate,,,X,,Not globally threatened,,,,,,1
Psittaciformes,Cacatuidae (Cockatoos),Little Corella,Cacatua sanguinea,36–39,Non-excavator,10,Obligate,,,X,,Not globally threatened,,,,,,1
Psittaciformes,Cacatuidae (Cockatoos),Tanimbar Corella,Cacatua goffiniana,30–32,Non-excavator,10,Obligate,,,X,,Not globally threatened,,,,,1,
Psittaciformes,Cacatuidae (Cockatoos),Solomons Corella,Cacatua ducorpsii,30,Non-excavator,10,Obligate,,,X,,Not globally threatened,,,,,,1
Psittaciformes,Cacatuidae (Cockatoos),Philippine Cockatoo,Cacatua haematuropygia,30–31,Non-excavator,10,Obligate,,,X,,Critically Endangered,,,,,1,
Psittaciformes,Cacatuidae (Cockatoos),Yellow-crested Cockatoo,Cacatua sulphurea,33,Non-excavator,10,Obligate,,,X,,Critically Endangered,,,,,1,
Psittaciformes,Cacatuidae (Cockatoos),Salmon-crested Cockatoo,Cacatua moluccensis,40–50,Non-excavator,10,Obligate,,,X,,Vulnerable,,,,,,1
Psittaciformes,Cacatuidae (Cockatoos),White Cockatoo,Cacatua alba,46,Non-excavator,10,Obligate,,,X,,Endangered,,,,,,1
Psittaciformes,Cacatuidae (Cockatoos),Sulphur-crested Cockatoo,Cacatua galerita,45–55,Non-excavator,10,Obligate,,,X,,Not globally threatened,,,,,,1
Psittaciformes,Cacatuidae (Cockatoos),Short-billed Black-cockatoo,Zanda latirostris,55–60,Non-excavator,10,Obligate,,,X,,Endangered,,,,,,1
Psittaciformes,Cacatuidae (Cockatoos),Yellow-tailed Black-cockatoo,Zanda funerea,55–60,Non-excavator,10,Obligate,,,X,,Not globally threatened,,,,,,1
Psittaciformes,Cacatuidae (Cockatoos),Long-billed Black-cockatoo,Zanda baudinii,55–60,Non-excavator,10,Obligate,,,X,,Endangered,,,,,,1
Psittaciformes,Cacatuidae (Cockatoos),Red-tailed Black-cockatoo,Calyptorhynchus banksii,50–65,Non-excavator,10,Obligate,,,X,,Not globally threatened,,,,,,1
Psittaciformes,Cacatuidae (Cockatoos),Glossy Black-cockatoo,Calyptorhynchus lathami,46–50,Non-excavator,10,Obligate,,,X,,Not globally threatened,,,,,,1
Psittaciformes,Cacatuidae (Cockatoos),Palm Cockatoo,Probosciger aterrimus,51–64,Non-excavator,10,Obligate,,,X,,Not globally threatened,,,,,,1
Psittaciformes,Cacatuidae (Cockatoos),Gang-gang Cockatoo,Callocephalon fimbriatum,32–37,Non-excavator,10,Obligate,,,X,,Not globally threatened,,,,,,1
Psittaciformes,Cacatuidae (Cockatoos),Galah,Eolophus roseicapilla,35–36,Non-excavator,10,Obligate,,,X,,Not globally threatened,,,,,,1
Psittaciformes,Cacatuidae (Cockatoos),Cockatiel,Nymphicus hollandicus,29–33,Non-excavator,10,Obligate,,,X,,Not globally threatened,,,,,,1
Psittaciformes,Psittacidae (Parrots),Seychelles Parrot,Coracopsis barklyi,35–40,Non-excavator,35,Obligate,,,X,,Vulnerable,,,,1,,
Psittaciformes,Psittacidae (Parrots),Black Parrot,Coracopsis nigra,35–40,Non-excavator,Inferred,Obligate,,,X,,Not globally threatened,,,,1,,
Psittaciformes,Psittacidae (Parrots),Comoro Parrot,Coracopsis sibilans,35–40,Non-excavator,Inferred,Unknown,,,X,,Not globally threatened,,,,1,,
Psittaciformes,Psittacidae (Parrots),Vasa Parrot,Coracopsis vasa,50,Non-excavator,Inferred,Unknown,,,X,,Not Globally Threatened,,,,1,,1
Psittaciformes,Psittacidae (Parrots),Red-breasted Pygmy-parrot,Micropsitta bruijnii,8–9,Non-excavator,Inferred,Obligate,,,X,,Not globally threatened,,,,,,1
Psittaciformes,Psittacidae (Parrots),Yellow-capped Pygmy-parrot,Micropsitta keiensis,9,Non-excavator,50,Facultative,,,X,,Not globally threatened,,,,,,1
Psittaciformes,Psittacidae (Parrots),Geelvink Pygmy-parrot,Micropsitta geelvinkiana,9,Non-excavator,50,Facultative,,,X,,Not globally threatened,,,,,,1
Psittaciformes,Psittacidae (Parrots),Buff-faced Pygmy-parrot,Micropsitta pusio,8,Non-excavator,50,Facultative,,,X,,Not globally threatened,,,,,,1
Psittaciformes,Psittacidae (Parrots),Green Pygmy-parrot,Micropsitta finschii ,8–9,Non-excavator,50,Facultative,,,X,,Not globally threatened,,,,,,1
Psittaciformes,Psittacidae (Parrots),Superb Parrot,Polytelis swainsonii,40,Non-excavator,Inferred,Obligate,,,X,,Vulnerable,,,,,,1
Psittaciformes,Psittacidae (Parrots),Regent Parrot,Polytelis anthopeplus,40,Non-excavator,Inferred,Obligate,,,X,,Not globally threatened,,,,,,1
Psittaciformes,Psittacidae (Parrots),Princess Parrot,Polytelis alexandrae,45,Non-excavator,10,Obligate,,,X,,Not globally threatened,,,,,,1
Psittaciformes,Psittacidae (Parrots),Moluccan King-parrot,Alisterus amboinensis,35,Non-excavator,10,Obligate,,,X,,Not globally threatened,,,,,,1
Psittaciformes,Psittacidae (Parrots),Australian King-parrot ,Alisterus scapularis,42–43,Non-excavator,10,Obligate,,,X,,Not globally threatened,,,,,,1
Psittaciformes,Psittacidae (Parrots),Papuan King-parrot,Alisterus chloropterus,36,Non-excavator,Inferred,Obligate,,,X,,Not globally threatened,,,,,,1
Psittaciformes,Psittacidae (Parrots),Red-winged Parrot,Aprosmictus erythropterus,30–32,Non-excavator,10,Obligate,,,X,,Not globally threatened,,,,,,1
Psittaciformes,Psittacidae (Parrots),Jonquil Parrot,Aprosmictus jonquillaceus,35,Non-excavator,Inferred,Obligate,,,X,,Not Globally Threatened,,,,,1,
Psittaciformes,Psittacidae (Parrots),Golden-mantled Racquet-tail ,Prioniturus platurus,28,Non-excavator,10,Obligate,,,X,,Not globally threatened,,,,,1,
Psittaciformes,Psittacidae (Parrots),Buru Racquet-tail,Prioniturus mada,32,Non-excavator,10,Obligate,,,X,,Not globally threatened,,,,,,1
Psittaciformes,Psittacidae (Parrots),Mindanao Racquet-tail,Prioniturus waterstradti,27,Non-excavator,Inferred,Obligate,,,X,,Not globally threatened,,,,,1,
Psittaciformes,Psittacidae (Parrots),Blue-headed Racquet-tail,Prioniturus platenae,27,Non-excavator,Inferred,Obligate,,,X,,Vulnerable,,,,,1,
Psittaciformes,Psittacidae (Parrots),Mindoro Racquet-tail,Prioniturus mindorensis,27,Non-excavator,Inferred,Obligate,,,X,,Vulnerable,,,,,1,
Psittaciformes,Psittacidae (Parrots),Green Racquet-tail,Prioniturus luconensis,29,Non-excavator,Inferred,Obligate,,,X,,Endangered,,,,,1,
Psittaciformes,Psittacidae (Parrots),Blue-crowned Racquet-tail,Prioniturus discurus,27,Non-excavator,10,Facultative,,X,X,Picidae (Dryocopus javensis),Not globally threatened,,,,,1,
Psittaciformes,Psittacidae (Parrots),Yellowish-breasted Racquet-tail,Prioniturus flavicans,37,Non-excavator,49,Obligate,,,X,,Not globally threatened,,,,,1,
Psittaciformes,Psittacidae (Parrots),Montane Racquet-tail,Prioniturus montanus,30,Non-excavator,Inferred,Obligate,,,X,,Not Globally Threatened,,,,,1,
Psittaciformes,Psittacidae (Parrots),Sulu Racquet-tail,Prioniturus verticalis,28–30,Non-excavator,Inferred,Obligate,,,X,,Critically Endangered,,,,,1,
Psittaciformes,Psittacidae (Parrots),Eclectus Parrot,Eclectus roratus,35–42,Facultative excavator,10,Obligate,,X,X,,Not globally threatened,,,,,1,1
Psittaciformes,Psittacidae (Parrots),Song Parrot ,Geoffroyus heteroclitus,24–25,Primary excavator,10,Obligate,,X,,,Not globally threatened,,,,,,1
Psittaciformes,Psittacidae (Parrots),Red-cheeked Parrot,Geoffroyus geoffroyi,21–27,Primary excavator,10,Obligate,,X,,,Not globally threatened,,,,,,1
Psittaciformes,Psittacidae (Parrots),Blue-collared Parrot,Geoffroyus simplex,22,Primary excavator,10,Obligate,,X,,,Not globally threatened,,,,,,1
Psittaciformes,Psittacidae (Parrots),Rennell Parrot,Geoffroyus hyacinthinus,24–25,Primary excavator,Inferred,Obligate,,,,,Not Globally Threatened,,,,,,1
Psittaciformes,Psittacidae (Parrots),Blue-rumped Parrot,Psittinus cyanurus,18,Non-excavator,10,Obligate,,,X,,Not globally threatened,,,,,1,
Psittaciformes,Psittacidae (Parrots),Simeulue Parrot,Psittinus abbotti,19,Non-excavator,Inferred,Obligate,,,X,,Not Globally Threatened,,,,,1,
Psittaciformes,Psittacidae (Parrots),Grey-headed Parakeet ,Psittacula finschii,36–40,Facultative excavator,Inferred,Unknown,,,,,Not Globally Threatened,,1,,,1,
Psittaciformes,Psittacidae (Parrots),Alexandrine Parakeet,Psittacula eupatria,50–62,Facultative excavator,10,Obligate,,X,X,Picidae,Not globally threatened,,,,,1,
Psittaciformes,Psittacidae (Parrots),Lord Derby's Parakeet,Psittacula derbiana,46–50,Facultative excavator,Inferred,Obligate,,X,X,,Not globally threatened,,,,,1,
Psittaciformes,Psittacidae (Parrots),Rose-ringed Parakeet,Psittacula krameri,37–43,Facultative excavator,10,Facultative,,X,X,Picidae,Not globally threatened,,,,1,1,
Psittaciformes,Psittacidae (Parrots),Echo Parakeet,Psittacula eques,36–42,Facultative excavator,10,Obligate,,X,X,,Endangered,,,,1,,
Psittaciformes,Psittacidae (Parrots),Slaty-headed Parakeet,Psittacula himalayana,39–41,Facultative excavator,10,Obligate,,X,X,Picidae (Picus squamatus),Not globally threatened,,,,,1,
Psittaciformes,Psittacidae (Parrots),Plum-headed Parakeet,Psittacula cyanocephala,33–37,Facultative excavator,10,Obligate,,X,X,,Not globally threatened,,,,,1,
Psittaciformes,Psittacidae (Parrots),Blossom-headed Parakeet,Psittacula roseata,30–36,Facultative excavator,10,Facultative,,X,X,,Not globally threatened,,,,,1,
Psittaciformes,Psittacidae (Parrots),Malabar Parakeet,Psittacula columboides,36–38,Facultative excavator,Inferred,Obligate,,X,X,,Not globally threatened,,,,,1,
Psittaciformes,Psittacidae (Parrots),Red-breasted Parakeet,Psittacula alexandri,33–38,Facultative excavator,10,Obligate,,X,X,,Not globally threatened,,,,,1,
Psittaciformes,Psittacidae (Parrots),Nicobar Parakeet,Psittacula caniceps,56–61,Facultative excavator,Inferred,Obligate,,X,X,,Not globally threatened,,,,,1,
Psittaciformes,Psittacidae (Parrots),Long-tailed Parakeet,Psittacula longicauda,40–48,Facultative excavator,Inferred,Obligate,,X,X,,Not globally threatened,,,,,1,
Psittaciformes,Psittacidae (Parrots),Emerald-collared Parakeet ,Psittacula calthrapae,29–31,Facultative excavator,Inferred,Obligate,,X,X,,Not globally threatened,,,,,1,
Psittaciformes,Psittacidae (Parrots),Snow Mountain Tiger-parrot,Psittacella lorentzi,17–19,Unknown,Inferred,Unknown,,,,,Not Globally Threatened,,,,,,1
Psittaciformes,Psittacidae (Parrots),Painted Tiger-parrot,Psittacella picta,17–19,Unknown,50,Unknown,,,,,Not globally threatened,,,,,,1
Psittaciformes,Psittacidae (Parrots),Brehm's Tiger-parrot,Psittacella brehmii,24,Unknown,50,Unknown,,,,,Not globally threatened,,,,,,1
Psittaciformes,Psittacidae (Parrots),Modest Tiger-parrot,Psittacella modesta,14,Unknown,50,Unknown,,,,,Not globally threatened,,,,,,1
Psittaciformes,Psittacidae (Parrots),Madarasz's Tiger-parrot,Psittacella madaraszi,14,Unknown,50,Unknown,,,,,Not globally threatened,,,,,,1
Psittaciformes,Psittacidae (Parrots),Great-billed Parrot ,Tanygnathus megalorynchos,33–43,Non-excavator,10,Obligate,,,,,Not globally threatened,,,,,,1
Psittaciformes,Psittacidae (Parrots),Black-lored Parrot,Tanygnathus gramineus,40,Non-excavator,Inferred,Obligate,,,,,Vulnerable,,,,,,1
Psittaciformes,Psittacidae (Parrots),Blue-backed Parrot,Tanygnathus sumatranus,32,Non-excavator,10,Obligate,,,X,,Not globally threatened,,,,,1,
Psittaciformes,Psittacidae (Parrots),Blue-naped Parrot,Tanygnathus lucionensis,31,Non-excavator,10,Obligate,,X,X,Picidae,Not globally threatened,,,,,1,
Psittaciformes,Psittacidae (Parrots),Orange-billed Lorikeet ,Neopsittacus pullicauda,18,Non-excavator,10,Obligate,,,X,,Not globally threatened,,,,,,1
Psittaciformes,Psittacidae (Parrots),Yellow-billed Lorikeet,Neopsittacus musschenbroekii,21–23,Non-excavator,10,Obligate,,,X,,Not globally threatened,,,,,,1
Psittaciformes,Psittacidae (Parrots),Bourke's Parrot,Neopsephotus bourkii,19,Non-excavator,10,Unknown,,,X,,Not globally threatened,,,,,,1
Psittaciformes,Psittacidae (Parrots),Mulga Parrot ,Psephotellus varius,27–28,Non-excavator,10,Obligate,,,X,,Not globally threatened,,,,,,1
Psittaciformes,Psittacidae (Parrots),Red-rumped Parrot ,Psephotus haematonotus,27,Non-excavator,10,Obligate,,,X,,Not globally threatened,,,,,,1
Psittaciformes,Psittacidae (Parrots),Blue-winged Parrot,Neophema chrysostoma,20–21,Non-excavator,10,Obligate,,,X,,Not globally threatened,,,,,,1
Psittaciformes,Psittacidae (Parrots),Elegant Parrot,Neophema elegans,22–23 ,Non-excavator,10,Obligate,,,X,,Not globally threatened,,,,,,1
Psittaciformes,Psittacidae (Parrots),Orange-bellied Parrot,Neophema chrysogaster,20–21,Non-excavator,10,Obligate,,,X,,Critically Endangered,,,,,,1
Psittaciformes,Psittacidae (Parrots),Turquoise Parrot,Neophema pulchella,20,Non-excavator,10,Obligate,,,X,,Not globally threatened,,,,,,1
Psittaciformes,Psittacidae (Parrots),Scarlet-chested Parrot,Neophema splendida,19,Non-excavator,10,Obligate,,,X,,Vulnerable,,,,,,1
Psittaciformes,Psittacidae (Parrots),Swift Parrot,Lathamus discolor,25,Non-excavator*,10; 45,Obligate,,,X,,Critically Endangered,,,,,,1
Psittaciformes,Psittacidae (Parrots),Maroon Shining-parrot ,Prosopeia tabuensis,45,Non-excavator,10,Obligate,,,X,,Not globally threatened,,,,,,1
Psittaciformes,Psittacidae (Parrots),Masked Shining-parrot ,Prosopeia personata,47,Non-excavator,10,Obligate,,,X,,Not globally threatened,,,,,,1
Psittaciformes,Psittacidae (Parrots),Crimson Shining-parrot,Prosopeia splendens,45,Non-excavator,Inferred,Obligate,,,X,,Vulnerable,,,,,,1
Psittaciformes,Psittacidae (Parrots),Horned Parakeet ,Eunymphicus cornutus,32,Non-excavator,10,Facultative,,,X,,Vulnerable,,,,,,1
Psittaciformes,Psittacidae (Parrots),Ouvea Parakeet,Eunymphicus uvaeensis,32 ,Non-excavator,10,Obligate,,,X,,Endangered,,,,,,1
Psittaciformes,Psittacidae (Parrots),Australian Ringneck,Barnardius zonarius,32–44,Non-excavator,10,Obligate,,,X,,Not globally threatened,,,,,,1
Psittaciformes,Psittacidae (Parrots),Malherbe's Parakeet,Cyanoramphus malherbi,20,Non-excavator,10,Obligate,,,X,,Critically Endangered,,,,,,1
Psittaciformes,Psittacidae (Parrots),Yellow-fronted Parakeet,Cyanoramphus auriceps,23,Non-excavator,10,Unknown,,,X,,Not globally threatened,,,,,,1
Psittaciformes,Psittacidae (Parrots),Chatham Parakeet,Cyanoramphus forbesi,26,Non-excavator,10,Unknown,,,X,,Endangered,,,,,,1
Psittaciformes,Psittacidae (Parrots),Red-fronted Parakeet,Cyanoramphus novaezelandiae,27,Non-excavator,10,Facultative,,,X,,Not globally threatened,,,,,,1
Psittaciformes,Psittacidae (Parrots),Green Rosella,Platycercus caledonicus,36 ,Non-excavator,10,Facultative,,,X,,Not globally threatened,,,,,,1
Psittaciformes,Psittacidae (Parrots),Crimson Rosella,Platycercus elegans,30–37,Non-excavator,10,Obligate,,,X,,Not globally threatened,,,,,,1
Psittaciformes,Psittacidae (Parrots),Northern Rosella,Platycercus venustus,28,Non-excavator,10,Obligate,,,X,,Not globally threatened,,,,,,1
Psittaciformes,Psittacidae (Parrots),Eastern Rosella,Platycercus eximius,30,Non-excavator,10,Facultative,,,X,,Not globally threatened,,,,,,1
Psittaciformes,Psittacidae (Parrots),Pale-headed Rosella,Platycercus adscitus,30,Non-excavator,10,Obligate,,,X,,Not globally threatened,,,,,,1
Psittaciformes,Psittacidae (Parrots),Western Rosella,Platycercus icterotis,25–26,Non-excavator,10,Obligate,,,X,,Not globally threatened,,,,,,1
Psittaciformes,Psittacidae (Parrots),Red-capped Parrot,Purpureicephalus spurius,36,Non-excavator,10,Obligate,,,X,,Not globally threatened,,,,,,1
Psittaciformes,Psittacidae (Parrots),Double-eyed Fig-parrot,Cyclopsitta diophthalma,13–16 ,Primary excavator,7,Obligate,,X,,,Not globally threatened,,,,,,1
Psittaciformes,Psittacidae (Parrots),Coxen's Fig-parrot,Cyclopsitta coxeni,15,Primary excavator,10,Obligate,,X,,,Critically Endangered,,,,,,1
Psittaciformes,Psittacidae (Parrots),Dusky-cheeked Fig-parrot,Cyclopsitta melanogenia,11–13,Primary excavator,Inferred,Facultative,,,,,Not globally threatened,,,,,,1
Psittaciformes,Psittacidae (Parrots),Creamy-breasted Fig-parrot,Cyclopsitta amabilis,11–13,Primary excavator,Inferred,Facultative,,,,,Not globally threatened,,,,,,1
Psittaciformes,Psittacidae (Parrots),Black-fronted Fig-parrot,Cyclopsitta nigrifrons,11–13,Primary excavator,Inferred,Facultative,,,,,Not globally threatened,,,,,,1
Psittaciformes,Psittacidae (Parrots),Blue-fronted Fig-parrot,Cyclopsitta gulielmitertii,11–13,Primary excavator,Inferred,Facultative,,,,,Not globally threatened,,,,,,1
Psittaciformes,Psittacidae (Parrots),Red-faced Fig-parrot,Psittaculirostris cervicalis,18–19 ,Unknown,Inferred,Unknown,,,,,Not Globally Threatened,,,,,,1
Psittaciformes,Psittacidae (Parrots),Large Fig-parrot,Psittaculirostris desmarestii,18–19,Unknown,Inferred,Unknown,,,,,Not globally threatened,,,,,,1
Psittaciformes,Psittacidae (Parrots),Yellow-naped Fig-parrot,Psittaculirostris godmani,18–19,Unknown,Inferred,Unknown,,,,,Not Globally Threatened,,,,,,1
Psittaciformes,Psittacidae (Parrots),Edwards's Fig-parrot,Psittaculirostris edwardsii,18,Unknown,Inferred,Unknown,,,,,Not globally threatened,,,,,,1
Psittaciformes,Psittacidae (Parrots),Salvadori's Fig-parrot,Psittaculirostris salvadorii,19,Unknown,Inferred,Unknown,,,,,Vulnerable,,,,,,1
Psittaciformes,Psittacidae (Parrots),Guaiabero,Bolbopsittacus lunulatus,15,Non-excavator,Inferred,Facultative,,,X,,Not globally threatened,,,,,1,
Psittaciformes,Psittacidae (Parrots),Blue Bonnet,Northiella haematogaster,28,Non-excavator,10,Facultative,,,X,,Not globally threatened,,,,,,1
Psittaciformes,Psittacidae (Parrots),Budgerigar,Melopsittacus undulatus,18,Non-excavator,10,Obligate,,,X,,Not globally threatened,,,,,,1
Psittaciformes,Psittacidae (Parrots),Plum-faced Lorikeet,Oreopsittacus arfaki,15–17,Non-excavator,Inferred,Unknown,,,,,Not globally threatened,,,,,,1
Psittaciformes,Psittacidae (Parrots),Stella's Lorikeet,Charmosyna stellae,36–41,Non-excavator,Inferred,Unknown,,,,,Not Globally Threatened,,,,,,1
Psittaciformes,Psittacidae (Parrots),Palm Lorikeet,Charmosyna palmarum,15–17,Non-excavator,Inferred,Unknown,,,,,Vulnerable,,,,,,1
Psittaciformes,Psittacidae (Parrots),Red-chinned Lorikeet,Charmosyna rubrigularis,17,Non-excavator,Inferred,Unknown,,,,,Not globally threatened,,,,,,1
Psittaciformes,Psittacidae (Parrots),Meek's Lorikeet,Charmosyna meeki,16,Non-excavator,Inferred,Unknown,,,,,Not globally threatened,,,,,,1
Psittaciformes,Psittacidae (Parrots),Blue-fronted Lorikeet,Charmosyna toxopei,16,Non-excavator,Inferred,Unknown,,,,,Critically Endangered,,,,,,1
Psittaciformes,Psittacidae (Parrots),Striated Lorikeet,Charmosyna multistriata,18 ,Non-excavator,Inferred,Unknown,,,,,Not globally threatened,,,,,,1
Psittaciformes,Psittacidae (Parrots),Pygmy Lorikeet,Charmosyna wilhelminae,13,Non-excavator,Inferred,Unknown,,,,,Not globally threatened,,,,,,1
Psittaciformes,Psittacidae (Parrots),Red-fronted Lorikeet,Charmosyna rubronotata,17,Non-excavator,Inferred,Unknown,,,,,Not globally threatened,,,,,,1
Psittaciformes,Psittacidae (Parrots),New Caledonian Lorikeet,Charmosyna diadema,19,Non-excavator,Inferred,Unknown,,,,,Critically Endangered,,,,,,1
Psittaciformes,Psittacidae (Parrots),Red-throated Lorikeet,Charmosyna amabilis,18,Non-excavator,Inferred,Unknown,,,,,Critically Endangered,,,,,,1
Psittaciformes,Psittacidae (Parrots),Duchess Lorikeet,Charmosyna margarethae,20,Non-excavator,Inferred,Unknown,,,,,Not globally threatened,,,,,,1
Psittaciformes,Psittacidae (Parrots),Josephine's Lorikeet,Charmosyna josefinae,23–25,Non-excavator,Inferred,Unknown,,,,,Not globally threatened,,,,,,1
Psittaciformes,Psittacidae (Parrots),Papuan Lorikeet,Charmosyna papou,36–42,Non-excavator,Inferred,Unknown,,,,,Not globally threatened,,,,,,1
Psittaciformes,Psittacidae (Parrots),Red-flanked Lorikeet ,Charmosyna placentis,15–17,Non-excavator,50,Unknown,,,,,Not globally threatened,,,,,,1
Psittaciformes,Psittacidae (Parrots),Fairy Lorikeet,Charmosyna pulchella,18–19,Non-excavator,50,Unknown,,,,,Not globally threatened,,,,,,1
Psittaciformes,Psittacidae (Parrots),Collared Lory,Phigys solitarius,20,Non-excavator,Inferred,Unknown,,,,,Not globally threatened,,,,,,1
Psittaciformes,Psittacidae (Parrots),Rimatara Lorikeet,Vini kuhlii,19 ,Non-excavator,26,Unknown,,,X,,Endangered,,,,,,1
Psittaciformes,Psittacidae (Parrots),Blue-crowned Lorikeet,Vini australis,19,Non-excavator,10,Facultative,,,X,,Not globally threatened,,,,,,1
Psittaciformes,Psittacidae (Parrots),Blue Lorikeet,Vini peruviana,18 ,Non-excavator,10,Unknown,,,X,,Vulnerable,,,,,,1
Psittaciformes,Psittacidae (Parrots),Henderson Lorikeet,Vini stepheni,19,Non-excavator,Inferred,Unknown,,,X,,Vulnerable,,,,,,1
Psittaciformes,Psittacidae (Parrots),Ultramarine Lorikeet,Vini ultramarina,18,Non-excavator,10,Facultative,,,X,,Endangered,,,,,,1
Psittaciformes,Psittacidae (Parrots),Black Lory,Chalcopsitta atra,32,Non-excavator,Inferred,Unknown,,,X,,Not globally threatened,,,,,,1
Psittaciformes,Psittacidae (Parrots),Brown Lory,Chalcopsitta duivenbodei,31,Non-excavator,Inferred,Unknown,,,X,,Not globally threatened,,,,,,1
Psittaciformes,Psittacidae (Parrots),Yellow-streaked Lory,Chalcopsitta scintillata,31,Non-excavator,10,Unknown,,,X,,Not globally threatened,,,,,,1
Psittaciformes,Psittacidae (Parrots),Cardinal Lory,Chalcopsitta cardinalis,30–31,Non-excavator,10,Unknown,,,X,,Not globally threatened,,,,,,1
Psittaciformes,Psittacidae (Parrots),Chattering Lory,Lorius garrulus,30,Non-excavator,Inferred,Obligate,,,,,Vulnerable,,,,,,1
Psittaciformes,Psittacidae (Parrots),Purple-bellied Lory,Lorius hypoinochrous,26–27,Non-excavator,50,Obligate,,,,,Not globally threatened,,,,,,1
Psittaciformes,Psittacidae (Parrots),Purple-naped Lory,Lorius domicella,28,Non-excavator,Inferred,Obligate,,,,,Endangered,,,,,,1
Psittaciformes,Psittacidae (Parrots),Black-capped Lory,Lorius lory,29–33,Non-excavator,10,Obligate,,X,,,Not globally threatened,,,,,,1
Psittaciformes,Psittacidae (Parrots),White-naped Lory,Lorius albidinucha,26–28,Non-excavator,50,Obligate,,,,,Not globally threatened,,,,,,1
Psittaciformes,Psittacidae (Parrots),Yellow-bibbed Lory,Lorius chlorocercus,28,Non-excavator,Inferred,Obligate,,,,,Not globally threatened,,,,,,1
Psittaciformes,Psittacidae (Parrots),Musk Lorikeet,Glossopsitta concinna,22,Non-excavator,10,Obligate,,,X,,Not globally threatened,,,,,,1
Psittaciformes,Psittacidae (Parrots),Little Lorikeet,Glossopsitta pusilla,15,Non-excavator,8,Obligate,,,X,,Not globally threatened,,,,,,1
Psittaciformes,Psittacidae (Parrots),Purple-crowned Lorikeet,Glossopsitta porphyrocephala,15,Non-excavator,10,Obligate,,,X,,Not globally threatened,,,,,,1
Psittaciformes,Psittacidae (Parrots),Varied Lorikeet,Psitteuteles versicolor,18–19,Non-excavator,Inferred,Unknown,,,X,,Not globally threatened,,,,,,1
Psittaciformes,Psittacidae (Parrots),Iris Lorikeet,Psitteuteles iris,20–22,Non-excavator,Inferred,Unknown,,,X,,Not globally threatened,,,,,1,
Psittaciformes,Psittacidae (Parrots),Goldie's Lorikeet,Psitteuteles goldiei,19,Non-excavator,50,Unknown,,,X,,Not globally threatened,,,,,,1
Psittaciformes,Psittacidae (Parrots),Red-and-blue Lory,Eos histrio,31,Non-excavator,10,Obligate,,,X,,Endangered,,,,,1,
Psittaciformes,Psittacidae (Parrots),Violet-necked Lory,Eos squamata,27,Non-excavator,24,Obligate,,,X,,Not globally threatened,,,,,,1
Psittaciformes,Psittacidae (Parrots),Blue-streaked Lory,Eos reticulata,31,Non-excavator,Inferred,Obligate,,,X,,Not globally threatened,,,,,,1
Psittaciformes,Psittacidae (Parrots),Black-winged Lory,Eos cyanogenia,30,Non-excavator,Inferred,Obligate,,,X,,Vulnerable,,,,,,1
Psittaciformes,Psittacidae (Parrots),Blue-eared Lory,Eos semilarvata,24,Non-excavator,Inferred,Obligate,,,X,,Not globally threatened,,,,,,1
Psittaciformes,Psittacidae (Parrots),Red Lory,Eos bornea,31,Non-excavator,10,Obligate,,,X,,Not globally threatened,,,,,,1
Psittaciformes,Psittacidae (Parrots),Dusky Lory,Pseudeos fuscata,25,Non-excavator,10,Obligate,,,X,,Not globally threatened,,,,,,1
Psittaciformes,Psittacidae (Parrots),Mustard-capped Lorikeet,Trichoglossus meyeri,21,Non-excavator,Inferred,Unknown,,,X,,Not Globally Threatened,,,,,1,
Psittaciformes,Psittacidae (Parrots),Biak Lorikeet,Trichoglossus rosenbergii,26,Non-excavator,Inferred,Unknown,,,X,,Vulnerable,,,,,,1
Psittaciformes,Psittacidae (Parrots),Red-collared Lorikeet,Trichoglossus rubritorquis,26,Non-excavator,Inferred,Unknown,,,X,,Not Globally Threatened,,,,,,1
Psittaciformes,Psittacidae (Parrots),Flores Lorikeet,Trichoglossus weberi,25,Non-excavator,Inferred,Unknown,,,X,,Not Globally Threatened,,,,,1,
Psittaciformes,Psittacidae (Parrots),Scarlet-breasted Lorikeet,Trichoglossus forsteni,25–30,Non-excavator,Inferred,Obligate,,,X,,Not globally threatened,,,,,1,
Psittaciformes,Psittacidae (Parrots),Coconut Lorikeet ,Trichoglossus haematodus,25–30,Non-excavator,Inferred,Facultative,,,X,,Not globally threatened,,,,,,1
Psittaciformes,Psittacidae (Parrots),Marigold Lorikeet,Trichoglossus capistratus,26,Non-excavator,10,Obligate,,,X,,Not globally threatened,,,,,1,
Psittaciformes,Psittacidae (Parrots),Ornate Lorikeet,Trichoglossus ornatus,25,Non-excavator,Inferred,Unknown,,,X,,Not globally threatened,,,,,,1
Psittaciformes,Psittacidae (Parrots),Rainbow Lorikeet,Trichoglossus moluccanus,25–30,Non-excavator,10,Facultative,,,X,,Not globally threatened,,,,,,1
Psittaciformes,Psittacidae (Parrots),Olive-headed Lorikeet,Trichoglossus euteles,25,Non-excavator,Inferred,Unknown,,,X,,Not globally threatened,,,,,1,
Psittaciformes,Psittacidae (Parrots),Yellow-and-green Lorikeet,Trichoglossus flavoviridis,21,Non-excavator,Inferred,Unknown,,,X,,Not globally threatened,,,,,1,
Psittaciformes,Psittacidae (Parrots),Mindanao Lorikeet,Trichoglossus johnstoniae,20,Non-excavator,Inferred,Unknown,,,X,,Not globally threatened,,,,,1,
Psittaciformes,Psittacidae (Parrots),Pohnpei Lorikeet,Trichoglossus rubiginosus,24,Non-excavator,Inferred,Unknown,,,X,,Not globally threatened,,,,,1,
Psittaciformes,Psittacidae (Parrots),Scaly-breasted Lorikeet,Trichoglossus chlorolepidotus,23,Non-excavator,10,Obligate,,,X,,Not globally threatened,,,,,,1
Psittaciformes,Psittacidae (Parrots),Flores Hanging-parrot,Loriculus flosculus,11–12,Non-excavator,Inferred,Unknown,,,X,,Endangered,,,,,1,
Psittaciformes,Psittacidae (Parrots),Orange-fronted Hanging-parrot ,Loriculus aurantiifrons,10,Non-excavator,10,Obligate,,,X,,Not globally threatened,,,,,,1
Psittaciformes,Psittacidae (Parrots),Sulawesi Hanging-parrot ,Loriculus stigmatus,15,Non-excavator,Inferred,Obligate,,,X,,Not globally threatened,,,,,1,
Psittaciformes,Psittacidae (Parrots),Bismarck Hanging-parrot,Loriculus tener,10,Non-excavator,10,Unknown,,,X,,Not globally threatened,,,,,,1
Psittaciformes,Psittacidae (Parrots),Vernal Hanging-parrot,Loriculus vernalis,13,Non-excavator,10,Obligate,,,X,,Not globally threatened,,1,,,1,
Psittaciformes,Psittacidae (Parrots),Sri Lanka Hanging-parrot,Loriculus beryllinus,13–14,Non-excavator,10,Obligate,,,X,,Not globally threatened,,,,,1,
Psittaciformes,Psittacidae (Parrots),Philippine Hanging-parrot,Loriculus philippensis,14,Non-excavator,Inferred,Obligate,,,X,,Not globally threatened,,,,,1,
Psittaciformes,Psittacidae (Parrots),Blue-crowned Hanging-parrot,Loriculus galgulus,12,Non-excavator,10,Obligate,,,X,,Not globally threatened,,,,,1,
Psittaciformes,Psittacidae (Parrots),Sula Hanging-parrot,Loriculus sclateri,14,Non-excavator,Inferred,Unknown,,,X,,Not globally threatened,,,,,,1
Psittaciformes,Psittacidae (Parrots),Moluccan Hanging-parrot,Loriculus amabilis,11,Non-excavator,Inferred,Unknown,,,X,,Not globally threatened,,,,,,1
Psittaciformes,Psittacidae (Parrots),Sangihe Hanging-parrot,Loriculus catamene,12,Non-excavator,Inferred,Unknown,,,X,,Not globally threatened,,,,,1,
Psittaciformes,Psittacidae (Parrots),Pygmy Hanging-parrot,Loriculus exilis,10–11,Non-excavator,10,Obligate,,,X,,Not globally threatened,,,,,1,
Psittaciformes,Psittacidae (Parrots),Yellow-throated Hanging-parrot,Loriculus pusillus,12,Non-excavator,10,Obligate,,X,X,Megalaimidae,Not globally threatened,,,1,,,
Psittaciformes,Psittacidae (Parrots),Grey-headed Lovebird,Agapornis canus,13–15,Non-excavator,10,Obligate,,,X,,Not globally threatened,,,,1,,
Psittaciformes,Psittacidae (Parrots),Nyasa Lovebird,Agapornis lilianae,14,Non-excavator,10,Facultative,,,X,,Not globally threatened,,,,1,,
Psittaciformes,Psittacidae (Parrots),Black-collared Lovebird,Agapornis swindernianus,13,Non-excavator,11,Facultative,,,X,,Not globally threatened,,,,1,,
Psittaciformes,Psittacidae (Parrots),Black-winged Lovebird,Agapornis taranta,16,Non-excavator,10,Facultative,,,X,,Not globally threatened,,,,1,,
Psittaciformes,Psittacidae (Parrots),Fischer's Lovebird,Agapornis fischeri,15,Non-excavator,10,Facultative,,X,X,Picidae and Lybiidae,Not globally threatened,,,,1,,
Psittaciformes,Psittacidae (Parrots),Yellow-collared Lovebird,Agapornis personatus,13–15,Non-excavator,10,Facultative,,,X,,Not globally threatened,,,1,,,
Psittaciformes,Psittacidae (Parrots),Black-cheeked Lovebird,Agapornis nigrigenis,14,Non-excavator,10,Facultative,,,X,,Vulnerable,,,,1,,
Psittaciformes,Psittacidae (Parrots),Grey Parrot,Psittacus erithacus,28–39,Non-excavator,2; 10,Obligate,,,X,,Vulnerable,,,,1,,
Psittaciformes,Psittacidae (Parrots),Timneh Parrot,Psittacus timneh,28–39,Non-excavator,10,Obligate,,,X,,Vulnerable,,,,1,,
Psittaciformes,Psittacidae (Parrots),Brown Parrot,Poicephalus meyeri,21–25,Non-excavator,10,Obligate,,X,X,Picidae,Not globally threatened,,,,1,,
Psittaciformes,Psittacidae (Parrots),Rüppell's Parrot,Poicephalus rueppellii,22–25,Non-excavator,10; 38,Obligate,,X,X,Picidae,Not globally threatened,,,,1,,
Psittaciformes,Psittacidae (Parrots),Brown-necked Parrot,Poicephalus robustus,30–36 ,Non-excavator,10,Obligate,,,X,,Not globally threatened,,,,1,,
Psittaciformes,Psittacidae (Parrots),Red-fronted Parrot,Poicephalus gulielmi,26–30,Non-excavator,10,Obligate,,,X,,Not globally threatened,,,,1,,
Psittaciformes,Psittacidae (Parrots),Brown-headed Parrot,Poicephalus cryptoxanthus,23–25,Non-excavator,Inferred,Obligate,,,X,,Not globally threatened,,,,1,,
Psittaciformes,Psittacidae (Parrots),Niam-niam Parrot,Poicephalus crassus,25,Non-excavator,Inferred,Obligate,,,X,,Not globally threatened,,,,1,,
Psittaciformes,Psittacidae (Parrots),Red-bellied Parrot,Poicephalus rufiventris,25,Non-excavator,Inferred,Obligate,,,X,,Not globally threatened,,,,1,,
Psittaciformes,Psittacidae (Parrots),Senegal Parrot,Poicephalus senegalus,23,Non-excavator,10,Obligate,,,X,,Not globally threatened,,,,1,,
Psittaciformes,Psittacidae (Parrots),Yellow-fronted Parrot,Poicephalus flavifrons,28,Non-excavator,Inferred,Obligate,,,X,,Not globally threatened,,,,1,,
Psittaciformes,Psittacidae (Parrots),Blue-fronted Parrotlet,Touit dilectissimus,17–18,Unknown,Inferred,Facultative,,,,,Not globally threatened,,,1,,,
Psittaciformes,Psittacidae (Parrots),Lilac-tailed Parrotlet,Touit batavicus,14,Unknown,10,Facultative,,,X,,Not globally threatened,,,1,,,
Psittaciformes,Psittacidae (Parrots),Scarlet-shouldered Parrotlet,Touit huetii,15–16,Unknown,Inferred,Facultative,,,,,Vulnerable,,,1,,,
Psittaciformes,Psittacidae (Parrots),Red-fronted Parrotlet,Touit costaricensis,17,Unknown,Inferred,Unknown,,,,,Vulnerable,,,1,,,
Psittaciformes,Psittacidae (Parrots),Sapphire-rumped Parrotlet,Touit purpuratus,17–18,Facultative excavator,10,Unknown,,X,,,Not globally threatened,,,1,,,
Psittaciformes,Psittacidae (Parrots),Brown-backed Parrotlet,Touit melanonotus,15,Unknown,Inferred,Unknown,,,,,Endangered,,,1,,,
Psittaciformes,Psittacidae (Parrots),Golden-tailed Parrotlet,Touit surdus,16,Unknown,Inferred,Unknown,,,,,Vulnerable,,,1,,,
Psittaciformes,Psittacidae (Parrots),Spot-winged Parrotlet,Touit stictopterus,17–18 ,Unknown,Inferred,Unknown,,,,,Vulnerable,,,1,,,
Psittaciformes,Psittacidae (Parrots),Barred Parakeet,Bolborhynchus lineola,16–18,Non-excavator,10,Unknown,,,X,,Not globally threatened,1,,1,,,
Psittaciformes,Psittacidae (Parrots),Grey-hooded Parakeet ,Psilopsiagon aymara,18–20,Facultative excavator,10,Facultative,,X,,,Not globally threatened,,,1,,,
Psittaciformes,Psittacidae (Parrots),Tepui Parrotlet,Nannopsittaca panychlora,14,Non-excavator,Inferred,Unknown,,,,,Not globally threatened,,,1,,,
Psittaciformes,Psittacidae (Parrots),Amazonian Parrotlet,Nannopsittaca dachilleae,14,Non-excavator,Inferred,Unknown,,,,,Not globally threatened,,,1,,,
Psittaciformes,Psittacidae (Parrots),Grey-cheeked Parakeet,Brotogeris pyrrhoptera,20 ,Facultative excavator,10,Facultative,,X,X,,Endangered,,,1,,,
Psittaciformes,Psittacidae (Parrots),Tui Parakeet,Brotogeris sanctithomae,,Facultative excavator,4,Facultative,,X,X,,,,,,,,
Psittaciformes,Psittacidae (Parrots),White-winged Parakeet ,Brotogeris versicolurus,22,Facultative excavator,10,Facultative,,X,X,,Not globally threatened,,,1,,,
Psittaciformes,Psittacidae (Parrots),Plain Parakeet,Brotogeris tirica,23,Facultative excavator,10; 16,Obligate,,X,X,Picidae,Not globally threatened,,,1,,,
Psittaciformes,Psittacidae (Parrots),Yellow-chevroned Parakeet,Brotogeris chiriri,20–25,Facultative excavator,4,Facultative,,X,X,,Not globally threatened,,,1,,,
Psittaciformes,Psittacidae (Parrots),Orange-chinned Parakeet,Brotogeris jugularis,18–19,Facultative excavator,10,Obligate,,X,X,Picidae,Not globally threatened,,,1,,,
Psittaciformes,Psittacidae (Parrots),Cobalt-winged Parakeet,Brotogeris cyanoptera,18–20,Facultative excavator,10,Facultative,,X,X,,Not globally threatened,,,1,,,
Psittaciformes,Psittacidae (Parrots),Golden-winged Parakeet,Brotogeris chrysoptera,16,Facultative excavator,10,Facultative,,X,X,,Not globally threatened,,,1,,,
Psittaciformes,Psittacidae (Parrots),Pileated Parrot,Pionopsitta pileata,22,Non-excavator,10,Obligate,,,X,,Not globally threatened,,,1,,,
Psittaciformes,Psittacidae (Parrots),Blue-bellied Parrot,Triclaria malachitacea,28 ,Non-excavator,10,Obligate,,,X,,Not globally threatened,,,1,,,
Psittaciformes,Psittacidae (Parrots),Rusty-faced Parrot,Hapalopsittaca amazonina,23,Non-excavator,Inferred,Obligate,,,X,,Vulnerable,,,1,,,
Psittaciformes,Psittacidae (Parrots),Indigo-winged Parrot,Hapalopsittaca fuertesi,23–24,Non-excavator,10,Obligate,,,X,,Critically Endangered,,,1,,,
Psittaciformes,Psittacidae (Parrots),Red-faced Parrot,Hapalopsittaca pyrrhops,22,Non-excavator,10,Obligate,,,X,,Vulnerable,,,1,,,
Psittaciformes,Psittacidae (Parrots),Black-winged Parrot,Hapalopsittaca melanotis,24,Non-excavator,Inferred,Obligate,,,X,,Not globally threatened,,,1,,,
Psittaciformes,Psittacidae (Parrots),Brown-hooded Parrot,Pyrilia haematotis,21–23,Facultative excavator,37,Obligate,,,X,,Not globally threatened,,,1,,,
Psittaciformes,Psittacidae (Parrots),Rose-faced Parrot,Pyrilia pulchra,23,Non-excavator,Inferred,Obligate,,,X,,Not globally threatened,,,1,,,
Psittaciformes,Psittacidae (Parrots),Saffron-headed Parrot,Pyrilia pyrilia,24 ,Non-excavator,Inferred,Obligate,,,X,,Not globally threatened,,,1,,,
Psittaciformes,Psittacidae (Parrots),Orange-cheeked Parrot,Pyrilia barrabandi,25,Non-excavator,Inferred,Obligate,,,X,,Not globally threatened,,,1,,,
Psittaciformes,Psittacidae (Parrots),Caica Parrot,Pyrilia caica,23,Non-excavator,10,Obligate,,,X,,Not globally threatened,,,1,,,
Psittaciformes,Psittacidae (Parrots),Bald Parrot,Pyrilia aurantiocephala,23,Non-excavator,Inferred,Obligate,,,X,,Not globally threatened,,,1,,,
Psittaciformes,Psittacidae (Parrots),Vulturine Parrot,Pyrilia vulturina,23,Non-excavator,Inferred,Obligate,,,X,,Not globally threatened,,,1,,,
Psittaciformes,Psittacidae (Parrots),White-crowned Parrot ,Pionus senilis,24,Non-excavator,37,Obligate,,X,X,Picidae,Not globally threatened,,,1,,,
Psittaciformes,Psittacidae (Parrots),White-capped Parrot,Pionus seniloides,26–29,Non-excavator,Inferred,Unknown,,X,X,,Not globally threatened,,,1,,,
Psittaciformes,Psittacidae (Parrots),Dusky Parrot,Pionus fuscus,25–26,Non-excavator,Inferred,Obligate,,X,X,,Not globally threatened,,,1,,,
Psittaciformes,Psittacidae (Parrots),Red-billed Parrot,Pionus sordidus,28,Non-excavator,Inferred,Obligate,,X,X,,Not globally threatened,,,1,,,
Psittaciformes,Psittacidae (Parrots),Scaly-headed Parrot,Pionus maximiliani,25–29,Non-excavator,5,Obligate,,X,X,Picidae,Not globally threatened,,,1,,,
Psittaciformes,Psittacidae (Parrots),Blue-headed Parrot,Pionus menstruus,24–28,Non-excavator,10,Facultative,,X,X,,Not globally threatened,,,1,,,
Psittaciformes,Psittacidae (Parrots),Blue-breasted Parrot,Pionus reichenowi,24–28,Non-excavator,Inferred,Unknown,,X,X,,Not Globally Threatened,,,1,,,
Psittaciformes,Psittacidae (Parrots),Plum-crowned Parrot,Pionus tumultuosus,29–30,Non-excavator,Inferred,Unknown,,X,X,,Not Globally Threatened,,,1,,,
Psittaciformes,Psittacidae (Parrots),Bronze-winged Parrot,Pionus chalcopterus,28–29,Non-excavator,Inferred,Obligate,,X,X,,Not globally threatened,,,1,,,
Psittaciformes,Psittacidae (Parrots),Short-tailed Parrot,Graydidascalus brachyurus,24,Non-excavator,Inferred,Unknown,,,,,Not globally threatened,,,1,,,
Psittaciformes,Psittacidae (Parrots),Turquoise-winged Parrotlet,Forpus spengeli,12–13,Non-excavator,10,Unknown,,X,X,Picidae,Not Globally Threatened,,,1,,,
Psittaciformes,Psittacidae (Parrots),Green-rumped Parrotlet,Forpus passerinus,12–13,Non-excavator,10,Facultative,,X,X,Picidae,Not globally threatened,,,1,,,
Psittaciformes,Psittacidae (Parrots),Blue-winged Parrotlet,Forpus xanthopterygius,12–13,Non-excavator,10,Unknown,,X,X,Picidae,Not globally threatened,,,1,,,
Psittaciformes,Psittacidae (Parrots),Mexican Parrotlet,Forpus cyanopygius,13–14,Non-excavator,Inferred,Obligate,,X,X,Picidae,Not globally threatened,,,1,,,
Psittaciformes,Psittacidae (Parrots),Spectacled Parrotlet,Forpus conspicillatus,12–13,Non-excavator,Inferred,Obligate,,X,X,Picidae,Not globally threatened,,,1,,,
Psittaciformes,Psittacidae (Parrots),Dusky-billed Parrotlet,Forpus modestus,13,Non-excavator,Inferred,Unknown,,X,X,Picidae,Not globally threatened,,,1,,,
Psittaciformes,Psittacidae (Parrots),Pacific Parrotlet,Forpus coelestis,13,Non-excavator,3; 10,Facultative,,X,X,Picidae (Chrysoptilus atricollis),Not globally threatened,,,1,,,
Psittaciformes,Psittacidae (Parrots),Yellow-faced Parrotlet,Forpus xanthops,15,Non-excavator,10,Facultative,,X,X,Picidae,Vulnerable,,,1,,,
Psittaciformes,Psittacidae (Parrots),Yellow-tailed Parrot,Pionites xanthurus,23,Non-excavator,10,Obligate,,X,X,Picidae,Vulnerable,,,1,,,
Psittaciformes,Psittacidae (Parrots),Green-thighed Parrot,Pionites leucogaster,23,Non-excavator,10,Obligate,,X,X,Picidae,Endangered,,,1,,,
Psittaciformes,Psittacidae (Parrots),Black-legged Parrot,Pionites xanthomerius,23,Non-excavator,10,Obligate,,X,X,Picidae,Not globally threatened,,,1,,,
Psittaciformes,Psittacidae (Parrots),Black-headed Parrot,Pionites melanocephalus,23,Non-excavator,10,Obligate,,X,X,Picidae,Not globally threatened,,,1,,,
Psittaciformes,Psittacidae (Parrots),Red-fan Parrot,Deroptyus accipitrinus,35–36,Non-excavator,46,Obligate,,X,,Picidae,Not globally threatened,,,1,,,
Psittaciformes,Psittacidae (Parrots),Venezuelan Parakeet,Pyrrhura emma,22–23,Non-excavator,Inferred,Unknown,,,,,Not Globally Threatened,,,1,,,
Psittaciformes,Psittacidae (Parrots),White-eared Parakeet,Pyrrhura leucotis,23,Non-excavator,Inferred,Unknown,,,,,Not Globally Threatened,,,1,,,
Psittaciformes,Psittacidae (Parrots),Sinu Parakeet,Pyrrhura subandina,21,Non-excavator,Inferred,Unknown,,,,,Critically Endangered,,,1,,,
Psittaciformes,Psittacidae (Parrots),Perija Parakeet,Pyrrhura caeruleiceps,22,Non-excavator,Inferred,Unknown,,,,,Endangered,,,1,,,
Psittaciformes,Psittacidae (Parrots),Madeira Parakeet,Pyrrhura snethlageae, 22,Non-excavator,Inferred,Unknown,,,,,Vulnerable,,,1,,,
Psittaciformes,Psittacidae (Parrots),Wavy-breasted Parakeet,Pyrrhura peruviana,22,Non-excavator,Inferred,Unknown,,,,,Not Globally Threatened,,,1,,,
Psittaciformes,Psittacidae (Parrots),Garlepp's Parakeet,Pyrrhura parvifrons,22,Non-excavator,Inferred,Unknown,,,,,Not Globally Threatened,,,1,,,
Psittaciformes,Psittacidae (Parrots),Grey-breasted Parakeet,Pyrrhura griseipectus,22–23,Non-excavator,10,Facultative,,,X,,Critically Endangered,,,1,,,
Psittaciformes,Psittacidae (Parrots),Santa Marta Parakeet ,Pyrrhura viridicata,25,Non-excavator,10,Obligate,,,,,Endangered,,,1,,,
Psittaciformes,Psittacidae (Parrots),Azuero Parakeet,Pyrrhura eisenmanni,22,Non-excavator,Inferred,Unknown,,,,,Endangered,,,1,,,
Psittaciformes,Psittacidae (Parrots),Choco Parakeet,Pyrrhura pacifica,24–25,Non-excavator,Inferred,Unknown,,,,,Not globally threatened,,,1,,,
Psittaciformes,Psittacidae (Parrots),Ochre-marked Parakeet,Pyrrhura cruentata,30,Non-excavator,Inferred,Obligate,,,,,Vulnerable,,,1,,,
Psittaciformes,Psittacidae (Parrots),Blaze-winged Parakeet,Pyrrhura devillei,26 ,Non-excavator,Inferred,Unknown,,,,,Not globally threatened,,,1,,,
Psittaciformes,Psittacidae (Parrots),Maroon-bellied Parakeet,Pyrrhura frontalis,24–28,Non-excavator,16,Obligate,,X,X,Picidae,Not globally threatened,,,1,,,
Psittaciformes,Psittacidae (Parrots),Crimson-bellied Parakeet,Pyrrhura perlata,24,Non-excavator,Inferred,Unknown,,,,,Vulnerable,,,1,,,
Psittaciformes,Psittacidae (Parrots),Green-cheeked Parakeet,Pyrrhura molinae,26,Non-excavator,Inferred,Obligate,,,,,Not globally threatened,,,1,,,
Psittaciformes,Psittacidae (Parrots),Painted Parakeet,Pyrrhura picta,22–23,Non-excavator,10,Obligate,,,,,Not globally threatened,,,1,,,
Psittaciformes,Psittacidae (Parrots),Santarem Parakeet,Pyrrhura amazonum,22,Non-excavator,10,Unknown,,,X,,Endangered,,,1,,,
Psittaciformes,Psittacidae (Parrots),Bonaparte's Parakeet,Pyrrhura lucianii,22,Non-excavator,Inferred,Unknown,,,,,Not globally threatened,,,1,,,
Psittaciformes,Psittacidae (Parrots),Rose-fronted Parakeet,Pyrrhura roseifrons,21–23,Non-excavator,Inferred,Unknown,,,,,Not globally threatened,,,1,,,
Psittaciformes,Psittacidae (Parrots),Fiery-shouldered Parakeet,Pyrrhura egregia,25,Non-excavator,Inferred,Unknown,,,,,Not globally threatened,,,1,,,
Psittaciformes,Psittacidae (Parrots),Maroon-tailed Parakeet,Pyrrhura melanura,24–25,Non-excavator,Inferred,Unknown,,,,,Not globally threatened,,,1,,,
Psittaciformes,Psittacidae (Parrots),El Oro Parakeet,Pyrrhura orcesi,22,Non-excavator,25,Unknown,,X,,Picidae,Endangered,,,1,,,
Psittaciformes,Psittacidae (Parrots),Black-capped Parakeet,Pyrrhura rupicola,25,Non-excavator,Inferred,Unknown,,,,,Not globally threatened,,,1,,,
Psittaciformes,Psittacidae (Parrots),White-necked Parakeet,Pyrrhura albipectus,24,Non-excavator,Inferred,Unknown,,,,,Vulnerable,,,1,,,
Psittaciformes,Psittacidae (Parrots),Brown-breasted Parakeet,Pyrrhura calliptera,22–23 ,Non-excavator,Inferred,Unknown,,,,,Vulnerable,,,1,,,
Psittaciformes,Psittacidae (Parrots),Red-eared Parakeet,Pyrrhura hoematotis,25,Non-excavator,Inferred,Unknown,,,,,Not globally threatened,,,1,,,
Psittaciformes,Psittacidae (Parrots),Rose-headed Parakeet,Pyrrhura rhodocephala,24–25,Non-excavator,Inferred,Unknown,,,,,Not globally threatened,,,1,,,
Psittaciformes,Psittacidae (Parrots),Sulphur-winged Parakeet,Pyrrhura hoffmanni,23–24,Non-excavator,10,Obligate,,X,X,Picidae,Not globally threatened,,,1,,,
Psittaciformes,Psittacidae (Parrots),Slender-billed Parakeet,Enicognathus leptorhynchus,40,Non-excavator,10,Obligate,,,X,,Not globally threatened,,,1,,,
Psittaciformes,Psittacidae (Parrots),Austral Parakeet ,Enicognathus ferrugineus,28–36,Non-excavator,10,Obligate,,X,X,Picidae (Campephilus magellanicus),Not globally threatened,,,1,,,
Psittaciformes,Psittacidae (Parrots),Hyacinth Macaw,Anodorhynchus hyacinthinus,100,Non-excavator,10,Obligate,,,X,,Vulnerable,,,1,,,
Psittaciformes,Psittacidae (Parrots),Glaucous Macaw,Anodorhynchus glaucus,72,Non-excavator,10,Facultative,,,,,Critically Endangered,,,1,,,
Psittaciformes,Psittacidae (Parrots),Thick-billed Parrot,Rhynchopsitta pachyrhyncha,38–43,Non-excavator,28,Obligate,,X,X,Picidae,Endangered,,,1,,,
Psittaciformes,Psittacidae (Parrots),Orange-fronted Parakeet,Eupsittula canicularis,23–25,Non-excavator,10,Facultative,,X,,Picidae,Not globally threatened,1,,1,,,
Psittaciformes,Psittacidae (Parrots),Brown-throated Parakeet,Eupsittula pertinax,25,Non-excavator,Inferred,Facultative,,,X,,Not globally threatened,,,1,,,
Psittaciformes,Psittacidae (Parrots),Sulphur-breasted Parakeet ,Aratinga maculata,30,Non-excavator,Inferred,Unknown,,,X,,Not globally threatened,,,1,,,
Psittaciformes,Psittacidae (Parrots),Nanday Parakeet ,Aratinga nenday,32–37,Non-excavator,10,Facultative,,,X,,Not globally threatened,,,1,,,
Psittaciformes,Psittacidae (Parrots),Dusky-headed Parakeet,Aratinga weddellii,28,Non-excavator,10,Facultative,,X,X,Picidae,Not globally threatened,,,1,,,
Psittaciformes,Psittacidae (Parrots),Sun Parakeet,Aratinga solstitialis,30,Non-excavator,10,Obligate,,,X,,Endangered,,,1,,,
Psittaciformes,Psittacidae (Parrots),Jandaya Parakeet,Aratinga jandaya,30,Non-excavator,10,Obligate,,X,X,Picidae,Not globally threatened,,,1,,,
Psittaciformes,Psittacidae (Parrots),Golden-capped Parakeet,Aratinga auricapillus,30,Non-excavator,10,Obligate,,,X,,Not globally threatened,,,1,,,
Psittaciformes,Psittacidae (Parrots),Spix's Macaw,Cyanopsitta spixii,55–57,Non-excavator,10,Obligate,,,X,,Critically Endangered,,,1,,,
Psittaciformes,Psittacidae (Parrots),Red-bellied Macaw,Orthopsittaca manilatus,50–51,Non-excavator,10,Obligate,,,X,,Not globally threatened,,,1,,,
Psittaciformes,Psittacidae (Parrots),Blue-winged Macaw ,Primolius maracana,36–43,Non-excavator,10,Obligate,,X,X,,Not globally threatened,,,1,,,
Psittaciformes,Psittacidae (Parrots),Blue-headed Macaw,Primolius couloni,41,Non-excavator,10,Obligate,,X,X,,Vulnerable,,,1,,,
Psittaciformes,Psittacidae (Parrots),Yellow-collared Macaw,Primolius auricollis,37–45,Non-excavator,10,Obligate,,X,X,,Not globally threatened,,,1,,,
Psittaciformes,Psittacidae (Parrots),Blue-and-yellow Macaw,Ara ararauna,86,Non-excavator,10,Obligate,,,X,,Not globally threatened,,,1,,,
Psittaciformes,Psittacidae (Parrots),Blue-throated Macaw,Ara glaucogularis,85,Non-excavator,10,Obligate,,,X,,Critically Endangered,,,1,,,
Psittaciformes,Psittacidae (Parrots),Military Macaw,Ara militaris,70–71,Non-excavator,10,Facultative,,X,X,Picidae,Vulnerable,,,1,,,
Psittaciformes,Psittacidae (Parrots),Great Green Macaw,Ara ambiguus,85–90,Non-excavator,10,Obligate,,X,X,,Endangered,,,1,,,
Psittaciformes,Psittacidae (Parrots),Scarlet Macaw,Ara macao,84–89,Non-excavator,10,Obligate,,,X,,Not globally threatened,,,1,,,
Psittaciformes,Psittacidae (Parrots),Red-and-green Macaw,Ara chloropterus,90–95,Non-excavator,10,Facultative,,X,X,,Not globally threatened,,,1,,,
Psittaciformes,Psittacidae (Parrots),Red-fronted Macaw,Ara rubrogenys,55–60,Non-excavator,10,Facultative,,X,X,,Endangered,,,1,,,
Psittaciformes,Psittacidae (Parrots),Chestnut-fronted Macaw,Ara severus,46–51,Non-excavator,10,Obligate,,X,X,,Not globally threatened,,,1,,,
Psittaciformes,Psittacidae (Parrots),Northern Red-shouldered Macaw,Diopsittaca nobilis,30,Unknown,10,Facultative,,,X,,Not globally threatened,,,1,,,
Psittaciformes,Psittacidae (Parrots),Southern Red-shouldered Macaw ,Diopsittaca cumanensis,33,Unknown,10,Facultative,,,X,,Not globally threatened,,,1,,,
Psittaciformes,Psittacidae (Parrots),Golden-plumed Parakeet,Leptosittaca branickii,35,Non-excavator,10,Unknown,,,X,,Vulnerable,,,1,,,
Psittaciformes,Psittacidae (Parrots),Yellow-eared Parrot,Ognorhynchus icterotis,42,Non-excavator,10,Obligate,,,X,,Endangered,,,1,,,
Psittaciformes,Psittacidae (Parrots),Golden Parakeet,Guaruba guarouba,34–36,Facultative excavator,30,Obligate,,X,X,Picidae,Vulnerable,,,1,,,
Psittaciformes,Psittacidae (Parrots),Blue-crowned Parakeet,Psittacara acuticaudatus,33–38,Non-excavator,10,Obligate,,,X,,Not globally threatened,,,1,,,
Psittaciformes,Psittacidae (Parrots),Green Parakeet,Psittacara holochlorus,31–33,Non-excavator,10,Facultative,,X,X,Picidae,Not globally threatened,,,1,,,
Psittaciformes,Psittacidae (Parrots),Crimson-fronted Parakeet,Psittacara finschi,28,Facultative excavator,37,Obligate,,X,X,,Not globally threatened,,,1,,,
Psittaciformes,Psittacidae (Parrots),Mitred Parakeet,Psittacara mitratus,31–38,Non-excavator,Inferred,Unknown,,X,,Picidae,Not globally threatened,,,1,,,
Psittaciformes,Psittacidae (Parrots),Red-masked Parakeet,Psittacara erythrogenys,33,Non-excavator,Inferred,Facultative,,,,,Not globally threatened,,,1,,,
Psittaciformes,Psittacidae (Parrots),White-eyed Parakeet,Psittacara leucophthalmus,32–35,Non-excavator,10,Obligate,,X,X,Picidae,Not globally threatened,,,1,,,
Psittaciformes,Psittacidae (Parrots),Cuban Parakeet,Psittacara euops,26,Non-excavator,10,Facultative,,X,X,Picidae (Xiphidiopicus percussus),Vulnerable,,,1,,,
Psittaciformes,Psittacidae (Parrots),Hispaniolan Parakeet,Psittacara chloropterus,32,Non-excavator,10,Facultative,,X,X,Picidae,Vulnerable,,,1,,,
Psittaciformes,Psittacidae (Parrots),Jamaican Parakeet,Eupsittula nana,22–26,Non-excavator,10,Facultative,,,X,,Not globally threatened,,,1,,,
Psittaciformes,Psittacidae (Parrots),Pesquet's Parrot,Psittrichas fulgidus,46,Facultative excavator,10,Obligate,,X,X,,Vulnerable,,,,,,1
Psittaciformes,Psittacidae (Parrots),Yellow-faced Amazon,Alipiopsitta xanthops,27,Non-excavator,Inferred,Unknown,,,X,,Not globally threatened,,,1,,,
Psittaciformes,Psittacidae (Parrots),Northern Festive Amazon,Amazona bodini,34–35,Non-excavator,Inferred,Unknown,,,X,,Not Globally Threatened,,,1,,,
Psittaciformes,Psittacidae (Parrots),Diademed Amazon,Amazona diadema,31–35,Non-excavator,Inferred,Unknown,,,,,Endangered,,,1,,,
Psittaciformes,Psittacidae (Parrots),Blue-cheeked Amazon,Amazona dufresniana,34,Non-excavator,Inferred,Unknown,,,,,Not Globally Threatened,,,1,,,
Psittaciformes,Psittacidae (Parrots),White-faced Amazon,Amazona kawalli,35–36,Non-excavator,Inferred,Unknown,,,,,Not Globally Threatened,,,1,,,
Psittaciformes,Psittacidae (Parrots),Lilacine Amazon,Amazona lilacina,31–35,Non-excavator,Inferred,Unknown,,,,,Endangered,,,1,,,
Psittaciformes,Psittacidae (Parrots),Scaly-naped Amazon,Amazona mercenarius,33–34,Non-excavator,Inferred,Unknown,,,,,Not Globally Threatened,,,1,,,
Psittaciformes,Psittacidae (Parrots),Red-browed Amazon,Amazona rhodocorytha,35,Non-excavator,Inferred,Unknown,,,,,Endangered,,,1,,,
Psittaciformes,Psittacidae (Parrots),Orange-winged Amazon,Amazona amazonica,31,Non-excavator,Inferred,Obligate,,,,,Not globally threatened,,,1,,,
Psittaciformes,Psittacidae (Parrots),Red-lored Amazon,Amazona autumnalis,31–35,Non-excavator,10,Obligate,,,X,,Not globally threatened,,,1,,,
Psittaciformes,Psittacidae (Parrots),Yellow-shouldered Amazon,Amazona barbadensis,33,Non-excavator,Inferred,Unknown,,,X,,Vulnerable,,,1,,,
Psittaciformes,Psittacidae (Parrots),Southern Mealy Amazon,Amazona farinosa,38–43,Non-excavator,16,Obligate,,X,X,Picidae,Not globally threatened,,,1,,,
Psittaciformes,Psittacidae (Parrots),Southern Festive Amazon,Amazona festiva,34–35,Non-excavator,10,Unknown,,,X,,Not globally threatened,,,1,,,
Psittaciformes,Psittacidae (Parrots),Northern Mealy Amazon,Amazona guatemalae,38–40,Non-excavator,5; 10,Facultative,,,X,,Not globally threatened,,,1,,,
Psittaciformes,Psittacidae (Parrots),St Vincent Amazon,Amazona guildingii,40,Non-excavator,10,Obligate,,,X,,Vulnerable,,,1,,,
Psittaciformes,Psittacidae (Parrots),Imperial Amazon,Amazona imperialis,45,Non-excavator,10,Obligate,,,X,,Endangered,,,1,,,
Psittaciformes,Psittacidae (Parrots),Cuban Amazon,Amazona leucocephala,32,Non-excavator,10,Facultative,,,X,,Not globally threatened,,,1,,,
Psittaciformes,Psittacidae (Parrots),Yellow-headed Amazon,Amazona oratrix,35–38,Non-excavator,10,Obligate,,X,X,Picidae,Endangered,,,1,,,
Psittaciformes,Psittacidae (Parrots),Red-spectacled Amazon,Amazona pretrei,32,Non-excavator,10,Obligate,,,X,,Vulnerable,,,1,,,
Psittaciformes,Psittacidae (Parrots),Tucuman Amazon,Amazona tucumana,31,Non-excavator,10,Obligate,,X,X,Picidae (Campephilus leucopogon),Vulnerable,,,1,,,
Psittaciformes,Psittacidae (Parrots),St Lucia Amazon,Amazona versicolor,43,Non-excavator,10,Obligate,,,X,,Vulnerable,,,1,,,
Psittaciformes,Psittacidae (Parrots),Vinaceous-breasted Amazon,Amazona vinacea,30,Non-excavator,6,Obligate,,X,X,Picidae,Endangered,,,1,,,
Psittaciformes,Psittacidae (Parrots),Yellow-lored Amazon,Amazona xantholora,26–28,Non-excavator,10,Obligate,,,X,,Not globally threatened,,,1,,,
Psittaciformes,Psittacidae (Parrots),Black-billed Amazon,Amazona agilis,25,Non-excavator,10,Facultative,,X,X,Picidae,Vulnerable,,,1,,,
Psittaciformes,Psittacidae (Parrots),Yellow-naped Amazon,Amazona auropalliata,35–36,Non-excavator,10,Obligate,,,X,,Vulnerable,1,,1,,,
Psittaciformes,Psittacidae (Parrots),Red-crowned Amazon,Amazona viridigenalis,33,Non-excavator,10,Obligate,,X,X,Picidae,Endangered,1,,,,,
Psittaciformes,Psittacidae (Parrots),Lilac-crowned Amazon,Amazona finschi,31–34,Non-excavator,10; 14,Obligate,,X,X,Picidae,Endangered,1,,,,,
Psittaciformes,Psittacidae (Parrots),Yellow-crowned Amazon,Amazona ochrocephala,35–38,Non-excavator,10,Facultative,,,X,,Not globally threatened,,,1,,,
Psittaciformes,Psittacidae (Parrots),Puerto Rican Amazon,Amazona vittata,29,Non-excavator,10,Obligate,,,X,,Critically Endangered,,,1,,,
Psittaciformes,Psittacidae (Parrots),Red-necked Amazon,Amazona arausiaca,40,Non-excavator,10,Obligate,,,X,,Vulnerable,,,1,,,
Psittaciformes,Psittacidae (Parrots),Yellow-billed Amazon,Amazona collaria,28,Non-excavator,10,Obligate,,X,X,Picidae,Vulnerable,,,1,,,
Psittaciformes,Psittacidae (Parrots),Turquoise-fronted Amazon,Amazona aestiva,37,Non-excavator,10,Facultative,,,X,,Not globally threatened,,,1,,,
Psittaciformes,Psittacidae (Parrots),White-fronted Amazon,Amazona albifrons,25–29,Non-excavator,10,Obligate,,X,X,Picidae,Not globally threatened,,,1,,,
Psittaciformes,Psittacidae (Parrots),Red-tailed Amazon,Amazona brasiliensis,37,Non-excavator,10,Facultative,,,X,,Vulnerable,,,1,,,
Psittaciformes,Psittacidae (Parrots),Hispaniolan Amazon ,Amazona ventralis,28,Non-excavator,10,Obligate,,X,X,Picidae,Vulnerable,,,1,,,
Passeriformes,Furnariidae (Ovenbirds and Woodcreepers),Streaked Xenops,Xenops rutilans,12,Facultative excavator,10,Obligate,,X,X,Picidae,Not globally threatened,,,1,,,
Passeriformes,Furnariidae (Ovenbirds and Woodcreepers),Plain Xenops ,Xenops minutus,11–12,Facultative excavator,10,Obligate,,X,,Picidae (Picumnus spp.),Not globally threatened,,,1,,,
Passeriformes,Furnariidae (Ovenbirds and Woodcreepers),White-throated Treerunner,Pygarrhichas albogularis,15–16,Primary excavator,10,Obligate,,X,,,Not globally threatened,,,1,,,
Passeriformes,Furnariidae (Ovenbirds and Woodcreepers),Sharp-billed Treehunter,Heliobletus contaminatus,12–13,Non-excavator,5,Unknown,,,X,,Not globally threatened,,,1,,,
Passeriformes,Furnariidae (Ovenbirds and Woodcreepers),Crag Chilia,Chilia melanura,18–19,Non-excavator,10,Facultative,X,,,,Not globally threatened,,,1,,,
Passeriformes,Furnariidae (Ovenbirds and Woodcreepers),Buffy Tuftedcheek,Pseudocolaptes lawrencii,20–21,Non-excavator,10,Obligate,,X,X,Picidae,Not globally threatened,,,1,,,
Passeriformes,Furnariidae (Ovenbirds and Woodcreepers),Streaked Tuftedcheek,Pseudocolaptes boissonneautii,20–22,Non-excavator,10,Obligate,,X,,Picidae,Not globally threatened,,,1,,,
Passeriformes,Furnariidae (Ovenbirds and Woodcreepers),Chaco Earthcreeper,Upucerthia certhioides,16,Non-excavator,10,Facultative,,,X,,Not globally threatened,,,1,,,
Passeriformes,Furnariidae (Ovenbirds and Woodcreepers),Dusky-cheeked Foliage-gleaner,Anabazenops dorsalis,19,Non-excavator,10,Unknown,,,X,,Not globally threatened,,,1,,,
Passeriformes,Furnariidae (Ovenbirds and Woodcreepers),White-collared Foliage-gleaner,Anabazenops fuscus,20,Non-excavator,10,Obligate,,,X,,Not globally threatened,,,1,,,
Passeriformes,Furnariidae (Ovenbirds and Woodcreepers),Rufous-rumped Foliage-gleaner,Philydor erythrocercum,14–15,Non-excavator,10,Unknown,,,X,,Not globally threatened,,,1,,,
Passeriformes,Furnariidae (Ovenbirds and Woodcreepers),Buff-fronted Foliage-gleaner,Philydor rufum,18–19,Non-excavator,10,Facultative,,,X,,Not globally threatened,,,1,,,
Passeriformes,Furnariidae (Ovenbirds and Woodcreepers),Scaly-throated Foliage-gleaner,Anabacerthia variegaticeps,15–16,Non-excavator,10,Obligate,,X,,Picidae,Not globally threatened,,,1,,,
Passeriformes,Furnariidae (Ovenbirds and Woodcreepers),Montane Foliage-gleaner,Anabacerthia striaticollis,16–17,Non-excavator,10,Unknown,,,X,,Not globally threatened,1,,,,,
Passeriformes,Furnariidae (Ovenbirds and Woodcreepers),Lineated Foliage-gleaner,Syndactyla subalaris,17–19,Non-excavator,10,Unknown,,,X,,Not globally threatened,,,1,,,
Passeriformes,Furnariidae (Ovenbirds and Woodcreepers),Buff-browed Foliage-gleaner,Syndactyla rufosuperciliata,17–18,Non-excavator,10,Facultative,,X,X,Picidae,Not globally threatened,,,1,,,
Passeriformes,Furnariidae (Ovenbirds and Woodcreepers),Thorn-tailed Rayadito,Aphrastura spinicauda,13–14,Non-excavator,10,Obligate,,X,X,Picidae (Veniliornis lignarius and Colaptes pitus) and Pygarrhychas albogularis,Not globally threatened,,,1,,,
Passeriformes,Furnariidae (Ovenbirds and Woodcreepers),Plain-mantled Tit-spinetail ,Leptasthenura aegithaloides,14–15,Non-excavator,10,Obligate,,,X,,Not globally threatened,,,1,,,
Passeriformes,Furnariidae (Ovenbirds and Woodcreepers),Striolated Tit-spinetail ,Leptasthenura striolata,15–16,Non-excavator,10,Facultative,,X,X,Picidae,Not globally threatened,,,1,,,
Passeriformes,Furnariidae (Ovenbirds and Woodcreepers),Tufted Tit-spinetail ,Leptasthenura platensis,16–17,Non-excavator,10,Facultative,,X,X,picidae (Picoides mixtus),Not globally threatened,,,1,,,
Passeriformes,Furnariidae (Ovenbirds and Woodcreepers),White-browed Tit-spinetail,Leptasthenura xenothorax,17–18,Non-excavator,10,Unknown,,,,,Endangered,,,1,,,
Passeriformes,Furnariidae (Ovenbirds and Woodcreepers),Bar-winged Cinclodes,Cinclodes fuscus,15–19,Non-excavator,29,Facultative,,X,X,Picidae,Not globally threatened,,,1,,,
Passeriformes,Furnariidae (Ovenbirds and Woodcreepers),Dark-bellied Cinclodes,Cinclodes patagonicus,18–20,Non-excavator,1,Facultative,X,,X,,Not globally threatened,,,1,,,
Passeriformes,Dendrocolaptidae (Woodcreepers),Olivaceous Woodcreeper,Sittasomus griseicapillus,13–19.5,Non-excavator,10,Obligate,,X,X,Picidae,Not globally threatened,1,,1,,,
Passeriformes,Dendrocolaptidae (Woodcreepers),Long-tailed Woodcreeper,Deconychura longicauda,17–18.5,Non-excavator,37,Obligate,,,X,,Not globally threatened,,,1,,,
Passeriformes,Dendrocolaptidae (Woodcreepers),Spot-throated Woodcreeper,Deconychura stictolaema,16.5–19,Non-excavator,Inferred,Unknown,,,,,Not Globally Threatened,,,1,,,
Passeriformes,Dendrocolaptidae (Woodcreepers),Tyrannine Woodcreeper,Dendrocincla tyrannina,23–26.5,Non-excavator,10,Unknown,,,X,,Not globally threatened,,,1,,,
Passeriformes,Dendrocolaptidae (Woodcreepers),White-chinned Woodcreeper,Dendrocincla merula,16–21,Non-excavator,10,Unknown,,,X,,Not globally threatened,,,1,,,
Passeriformes,Dendrocolaptidae (Woodcreepers),Ruddy Woodcreeper,Dendrocincla homochroa,17.5–20.5,Non-excavator,10,Obligate,,,X,,Not globally threatened,,,1,,,
Passeriformes,Dendrocolaptidae (Woodcreepers),Tawny-winged Woodcreeper,Dendrocincla anabatina,17–19,Non-excavator,10,Facultative,,X,X,Picidae,Not globally threatened,,,1,,,
Passeriformes,Dendrocolaptidae (Woodcreepers),Plain-brown Woodcreeper,Dendrocincla fuliginosa,19–22.5,Non-excavator,10,Obligate,,,X,,Not globally threatened,,,1,,,
Passeriformes,Dendrocolaptidae (Woodcreepers),Plain-winged Woodcreeper,Dendrocincla turdina,19–21,Non-excavator,Inferred,Obligate,,,X,,Not globally threatened,,,1,,,
Passeriformes,Dendrocolaptidae (Woodcreepers),Wedge-billed Woodcreeper,Glyphorynchus spirurus,13–16,Non-excavator,10,Facultative,,X,X,Picidae,Not globally threatened,,,1,,,
Passeriformes,Dendrocolaptidae (Woodcreepers),Cinnamon-throated Woodcreeper,Dendrexetastes rufigula,22.5–27,Non-excavator,10,Facultative,,X,X,Picidae,Not globally threatened,,,1,,,
Passeriformes,Dendrocolaptidae (Woodcreepers),Long-billed Woodcreeper,Nasica longirostris,35–36,Non-excavator,10,Unknown,,,X,,Not globally threatened,,,1,,,
Passeriformes,Dendrocolaptidae (Woodcreepers),Hoffmann's Woodcreeper,Dendrocolaptes hoffmannsi,28–29,Non-excavator,10; 52,Obligate,,,X,,Vulnerable,,,1,,,
Passeriformes,Dendrocolaptidae (Woodcreepers),Northern Barred Woodcreeper,Dendrocolaptes sanctithomae,25–29,Non-excavator,10,Obligate,,,X,,Not globally threatened,,,1,,,
Passeriformes,Dendrocolaptidae (Woodcreepers),Amazonian Barred Woodcreeper,Dendrocolaptes certhia,26–28.5 ,Non-excavator,10,Obligate,,X,X,Picidae,Not globally threatened,,,1,,,
Passeriformes,Dendrocolaptidae (Woodcreepers),Black-banded Woodcreeper,Dendrocolaptes picumnus,24–30.5,Facultative excavator,10; 37,Obligate,,X,X,,Not globally threatened,,,1,,,
Passeriformes,Dendrocolaptidae (Woodcreepers),Planalto Woodcreeper,Dendrocolaptes platyrostris,25–27,Non-excavator,5; 10,Obligate,,X,,Picidae,Not globally threatened,,,1,,,
Passeriformes,Dendrocolaptidae (Woodcreepers),Red-billed Woodcreeper,Hylexetastes perrotii,25–30,Non-excavator,10,Obligate,,,X,,Not globally threatened,,,1,,,
Passeriformes,Dendrocolaptidae (Woodcreepers),Bar-bellied Woodcreeper,Hylexetastes stresemanni,28–29,Non-excavator,Inferred,Unknown,,,,,Not globally threatened,,,1,,,
Passeriformes,Dendrocolaptidae (Woodcreepers),Strong-billed Woodcreeper,Xiphocolaptes promeropirhynchus,26–35,Non-excavator,10; 17,Obligate,,,X,,Not globally threatened,,,1,,,
Passeriformes,Dendrocolaptidae (Woodcreepers),Moustached Woodcreeper,Xiphocolaptes falcirostris,28–32,Non-excavator,10,Obligate,,,,,Vulnerable,,,1,,,
Passeriformes,Dendrocolaptidae (Woodcreepers),White-throated Woodcreeper,Xiphocolaptes albicollis,27.5–33,Non-excavator,10,Obligate,,,X,,Not globally threatened,,,1,,,
Passeriformes,Dendrocolaptidae (Woodcreepers),Great Rufous Woodcreeper,Xiphocolaptes major,27–34,Non-excavator,10,Obligate,,X,X,Picidae,Not globally threatened,,,1,,,
Passeriformes,Dendrocolaptidae (Woodcreepers),Tschudi's Woodcreeper,Xiphorhynchus chunchotambo,21–24.5,Non-excavator,Inferred,Unknown,,,,,Not globally threatened,,,1,,,
Passeriformes,Dendrocolaptidae (Woodcreepers),Striped Woodcreeper,Xiphorhynchus obsoletus,18–20.5,Non-excavator,10,Facultative,,,X,,Not globally threatened,,,1,,,
Passeriformes,Dendrocolaptidae (Woodcreepers),Lesser Woodcreeper,Xiphorhynchus fuscus,15–18.5,Non-excavator,10,Obligate,,,X,,Not globally threatened,,,1,,,
Passeriformes,Dendrocolaptidae (Woodcreepers),Chestnut-rumped Woodcreeper,Xiphorhynchus pardalotus,21.5–23.5,Non-excavator,10,Obligate,,,X,,Not globally threatened,,,1,,,
Passeriformes,Dendrocolaptidae (Woodcreepers),Ocellated Woodcreeper,Xiphorhynchus ocellatus,20-23,Non-excavator,Inferred,Unknown,,,,,Not globally threatened,,,1,,,
Passeriformes,Dendrocolaptidae (Woodcreepers),Elegant Woodcreeper,Xiphorhynchus elegans,18–22.5,Non-excavator,10,Obligate,,,X,,Not globally threatened,,,1,,,
Passeriformes,Dendrocolaptidae (Woodcreepers),Spix's Woodcreeper,Xiphorhynchus spixii,18.5–21,Non-excavator,10,Obligate,,,X,,Not globally threatened,,,1,,,
Passeriformes,Dendrocolaptidae (Woodcreepers),Cocoa Woodcreeper,Xiphorhynchus susurrans,22.5–25.5,Non-excavator,10,Obligate,,,X,,Not globally threatened,,,1,,,
Passeriformes,Dendrocolaptidae (Woodcreepers),Buff-throated Woodcreeper,Xiphorhynchus guttatus,22.5–29.5,Non-excavator,10,Obligate,,X,X,Picidae,Not globally threatened,,,1,,,
Passeriformes,Dendrocolaptidae (Woodcreepers),Ivory-billed Woodcreeper,Xiphorhynchus flavigaster,20–26.5,Non-excavator,10,Facultative,,,X,,Not globally threatened,1,,1,,,
Passeriformes,Dendrocolaptidae (Woodcreepers),Black-striped Woodcreeper,Xiphorhynchus lachrymosus,21.5–25,Non-excavator,10,Unknown,,,X,,Not globally threatened,,,1,,,
Passeriformes,Dendrocolaptidae (Woodcreepers),Olive-backed Woodcreeper,Xiphorhynchus triangularis,19.5–25,Non-excavator,Inferred,Unknown,,,,,Not globally threatened,,,1,,,
Passeriformes,Dendrocolaptidae (Woodcreepers),Zimmer's Woodcreeper,Xiphorhynchus kienerii,21–24,Non-excavator,Inferred,Unknown,,,,,Not globally threatened,,,1,,,
Passeriformes,Dendrocolaptidae (Woodcreepers),Spotted Woodcreeper,Xiphorhynchus erythropygius,19–24,Non-excavator,10; 37,Facultative,,,X,,Not globally threatened,1,,1,,,
Passeriformes,Dendrocolaptidae (Woodcreepers),Straight-billed Woodcreeper,Xiphorhynchus picus,18–22,Non-excavator,10,Facultative,,X,X,Picidae,Not globally threatened,,,1,,,
Passeriformes,Dendrocolaptidae (Woodcreepers),Red-billed Scythebill,Campylorhamphus trochilirostris,22–28,Non-excavator,10,Obligate,,,X,,Not globally threatened,,,1,,,
Passeriformes,Dendrocolaptidae (Woodcreepers),Black-billed Scythebill,Campylorhamphus falcularius,24–28,Non-excavator,10,Unknown,,,X,,Not globally threatened,,,1,,,
Passeriformes,Dendrocolaptidae (Woodcreepers),Curve-billed Scythebill,Campylorhamphus procurvoides,22.5–25,Non-excavator,10,Obligate,,X,X,Picidae,Not globally threatened,,,1,,,
Passeriformes,Dendrocolaptidae (Woodcreepers),Brown-billed Scythebill,Campylorhamphus pusillus,20–25,Non-excavator,Inferred,Unknown,,,X,,not globally threatened,,,1,,,
Passeriformes,Dendrocolaptidae (Woodcreepers),Greater Scythebill,Campylorhamphus pucherani,24–30,Non-excavator,10,Unknown,,,X,,Not globally threatened,,,1,,,
Passeriformes,Dendrocolaptidae (Woodcreepers),Scimitar-billed Woodcreeper,Drymornis bridgesii,29–35,Non-excavator,10,Facultative,,X,X,Picidae,Not globally threatened,,,1,,,
Passeriformes,Dendrocolaptidae (Woodcreepers),Lineated Woodcreeper,Lepidocolaptes albolineatus,17–19,Non-excavator,10,Obligate,,,X,,Not globally threatened,,,1,,,
Passeriformes,Dendrocolaptidae (Woodcreepers),Streak-headed Woodcreeper,Lepidocolaptes souleyetii,17–22,Non-excavator,10,Obligate,,X,X,Picidae (but natural prefered),Not globally threatened,,,1,,,
Passeriformes,Dendrocolaptidae (Woodcreepers),White-striped Woodcreeper,Lepidocolaptes leucogaster,21.5–23.5,Non-excavator,10,Unknown,,,X,,not globally threatened,,,1,,,
Passeriformes,Dendrocolaptidae (Woodcreepers),Narrow-billed Woodcreeper,Lepidocolaptes angustirostris,18–22,Non-excavator,10,Facultative,,X,X,Picidae,Not globally threatened,,,1,,,
Passeriformes,Dendrocolaptidae (Woodcreepers),Spot-crowned Woodcreeper,Lepidocolaptes affinis,19–22,Non-excavator,10,Obligate,,X,X,Picidae and Capitonidae,Not globally threatened,1,,1,,,
Passeriformes,Dendrocolaptidae (Woodcreepers),Scaled Woodcreeper,Lepidocolaptes squamatus,19,Non-excavator,Inferred,Unknown,,,,,not globally threatened,,,1,,,
Passeriformes,Dendrocolaptidae (Woodcreepers),Montane Woodcreeper,Lepidocolaptes lacrymiger,19–19.5,Non-excavator,10,Obligate,,X,X,Picidae,Not globally threatened,,,1,,,
Passeriformes,Dendrocolaptidae (Woodcreepers),Scalloped Woodcreeper,Lepidocolaptes falcinellus,17–20,Non-excavator,10,Unknown,,,X,,Not globally threatened,,,1,,,
Passeriformes,Thamnophilidae (Typical Antbirds),Rufous-throated Antbird ,Gymnopithys rufigula,11.5–12.5,Non-excavator,10,Obligate,,,X,,Not globally threatened,,,1,,,
Passeriformes,Thamnophilidae (Typical Antbirds),Bicoloured Antbird,Gymnopithys leucaspis,13.5–14.5,Non-excavator,10,Facultative,,,X,,Not globally threatened,,,1,,,
Passeriformes,Thamnophilidae (Typical Antbirds),Scale-backed Antbird,Hylophylax poecilinotus,12–13,Non-excavator,10,Facultative,,,X,,Not globally threatened,,,1,,,
Passeriformes,Thamnophilidae (Typical Antbirds),White-throated Antbird,Gymnopithys salvini,13–13.5,Non-excavator,10,Facultative,,,X,,Not globally threatened,,,1,,,
Passeriformes,Thamnophilidae (Typical Antbirds),Hairy-crested Antbird,Rhegmatorhina melanosticta,14–15,Non-excavator,10,Unknown,,,X,,Not globally threatened,,,1,,,
Passeriformes,Thamnophilidae (Typical Antbirds),Black-spotted Bare-eye,Phlegopsis nigromaculata,16.5–17.5,Non-excavator,10,Obligate,,,X,,Not globally threatened,,,1,,,
Passeriformes,Formicariidae (Antthrushes),Variegated Antpitta,Grallaria varia,18–20.5,Non-excavator,10,Obligate,,,X,,Not globally threatened,,,1,,,
Passeriformes,Formicariidae (Antthrushes),Mexican Antthrush,Formicarius moniliger,17,Non-excavator,10,Facultative,,,X,,Not globally threatened,,,1,,,
Passeriformes,Formicariidae (Antthrushes),Rufous-capped Antthrush,Formicarius colma,18,Non-excavator,10,Unknown,,,X,,Not globally threatened,,,1,,,
Passeriformes,Formicariidae (Antthrushes),Black-headed Antthrush,Formicarius nigricapillus,18,Non-excavator,10,Obligate,,,X,,Not globally threatened,,,1,,,
Passeriformes,Formicariidae (Antthrushes),Black-faced Antthrush,Formicarius analis,17,Non-excavator,10,Facultative,,,X,,Not globally threatened,,,1,,,
Passeriformes,Formicariidae (Antthrushes),Short-tailed Antthrush,Chamaeza campanisona,19–20,Non-excavator,10,Facultative,,,X,,Not globally threatened,,,1,,,
Passeriformes,Formicariidae (Antthrushes),Striated Antthrush,Chamaeza nobilis,22.5,Non-excavator,10,Facultative,,,X,,Not globally threatened,,,1,,,
Passeriformes,Formicariidae (Antthrushes),Rufous-tailed Antthrush,Chamaeza ruficauda,19–19.5,Non-excavator,10,Unknown,,,X,,Not globally threatened,,,1,,,
Passeriformes,Rhinocryptidae (Tapaculos),Chestnut-throated Huet-huet,Pteroptochos castaneus,23,Non-excavator,10,Facultative,,,X,,Not globally threatened,,,1,,,
Passeriformes,Rhinocryptidae (Tapaculos),Black-throated Huet-huet,Pteroptochos tarnii,23,Non-excavator,10,Facultative,,,X,,Not globally threatened,,,1,,,
Passeriformes,Rhinocryptidae (Tapaculos),Chucao Tapaculo,Scelorchilus rubecula,18.5–19,Non-excavator,1,Facultative,,,X,,Not globally threatened,,,1,,,
Passeriformes,Rhinocryptidae (Tapaculos),Magellanic Tapaculo,Scytalopus magellanicus,9.5,Non-excavator,1,Facultative,,,X,,Not globally threatened,,,1,,,
Passeriformes,Tyrannidae (Tyrant Flycatchers),Tawny-chested Flycatcher,Aphanotriccus capitalis,12,Non-excavator,10,Obligate,,,X,,Vulnerable,,,1,,,
Passeriformes,Tyrannidae (Tyrant Flycatchers),Large-headed Flatbill,Ramphotrigon megacephalum,12.5–13.2,Non-excavator,10,Obligate,,,X,,Not globally threatened,,,1,,,
Passeriformes,Tyrannidae (Tyrant Flycatchers),Rufous-tailed Flatbill,Ramphotrigon ruficauda,15–16,Non-excavator,10,Obligate,,,X,,Not globally threatened,,,1,,,
Passeriformes,Tyrannidae (Tyrant Flycatchers),Dusky-tailed Flatbill ,Ramphotrigon fuscicauda,15.5–16.5,Non-excavator,10,Obligate,,,X,,Not globally threatened,,,1,,,
Passeriformes,Tyrannidae (Tyrant Flycatchers),Bright-rumped Attila,Attila spadiceus,17–21.5,Non-excavator,10,Facultative,,,X,,Not globally threatened,,,1,,,
Passeriformes,Tyrannidae (Tyrant Flycatchers),Grey-hooded Attila,Attila rufus,20–21,Non-excavator,10,Facultative,,,X,,Not globally threatened,,,1,,,
Passeriformes,Tyrannidae (Tyrant Flycatchers),Rufous Casiornis,Casiornis rufus,18,Non-excavator,10,Unknown,,,X,,Not globally threatened,,,1,,,
Passeriformes,Tyrannidae (Tyrant Flycatchers),Rufous Mourner,Rhytipterna holerythra,19.5–21,Non-excavator,10,Obligate,,X,X,Picidae,Not globally threatened,,,1,,,
Passeriformes,Tyrannidae (Tyrant Flycatchers),Yucatan Flycatcher,Myiarchus yucatanensis,17.5–19,Non-excavator,10,Unknown,,,X,,Not globally threatened,,,1,,,
Passeriformes,Tyrannidae (Tyrant Flycatchers),Great Crested Flycatcher ,Myiarchus crinitus,21.5,Non-excavator,10,Obligate,,X,X,Picidae,Not globally threatened,1,,,,,
Passeriformes,Tyrannidae (Tyrant Flycatchers),Dusky-capped Flycatcher ,Myiarchus tuberculifer,15–17,Non-excavator,10,Obligate,,X,X,Picidae,Not globally threatened,,,1,,,
Passeriformes,Tyrannidae (Tyrant Flycatchers),Nutting's Flycatcher,Myiarchus nuttingi,18–19,Non-excavator,10,Facultative,,,X,,Not globally threatened,,,1,,,
Passeriformes,Tyrannidae (Tyrant Flycatchers),Rufous Flycatcher,Myiarchus semirufus,17–19,Non-excavator,10,Unknown,,,X,,Endangered,,,1,,,
Passeriformes,Tyrannidae (Tyrant Flycatchers),Sad Flycatcher,Myiarchus barbirostris,16.5,Non-excavator,10,Facultative,,X,X,Picidae,Not globally threatened,,,1,,,
Passeriformes,Tyrannidae (Tyrant Flycatchers),Swainson's Flycatcher,Myiarchus swainsoni,19.5–21,Non-excavator,5; 10,Facultative,,X,X,Picidae,Not globally threatened,,,1,,,
Passeriformes,Tyrannidae (Tyrant Flycatchers),Panama Flycatcher,Myiarchus panamensis,19,Non-excavator,10,Facultative,,,X,,Not globally threatened,,,1,,,
Passeriformes,Tyrannidae (Tyrant Flycatchers),Short-crested Flycatcher,Myiarchus ferox,18,Non-excavator,10,Obligate,,,X,,Not globally threatened,,,1,,,
Passeriformes,Tyrannidae (Tyrant Flycatchers),Apical Flycatcher,Myiarchus apicalis,17,Non-excavator,10,Unknown,,,X,,Not globally threatened,,,1,,,
Passeriformes,Tyrannidae (Tyrant Flycatchers),Pale-edged Flycatcher,Myiarchus cephalotes,18–19,Non-excavator,10,Unknown,,,X,,Not globally threatened,,,1,,,
Passeriformes,Tyrannidae (Tyrant Flycatchers),Ash-throated Flycatcher,Myiarchus cinerascens,19–20.5,Non-excavator,10,Obligate,,,X,,Not globally threatened,1,,1,,,
Passeriformes,Tyrannidae (Tyrant Flycatchers),Brown-crested Flycatcher,Myiarchus tyrannulus,20,Non-excavator,10,Obligate,,X,X,Picidae,Not globally threatened,1,,1,,,
Passeriformes,Tyrannidae (Tyrant Flycatchers),Galapagos Flycatcher,Myiarchus magnirostris,15–16 ,Non-excavator,10,Obligate,,,X,,Not globally threatened,,,1,,,
Passeriformes,Tyrannidae (Tyrant Flycatchers),Grenada Flycatcher,Myiarchus nugator,20,Non-excavator,10,Obligate,,,X,,Not globally threatened,,,1,,,
Passeriformes,Tyrannidae (Tyrant Flycatchers),Rufous-tailed Flycatcher,Myiarchus validus,24 ,Non-excavator,10,Obligate,,,X,,Not globally threatened,,,1,,,
Passeriformes,Tyrannidae (Tyrant Flycatchers),La Sagra's Flycatcher,Myiarchus sagrae,19–22,Non-excavator,10,Obligate,,,X,,Not globally threatened,,,1,,,
Passeriformes,Tyrannidae (Tyrant Flycatchers),Stolid Flycatcher,Myiarchus stolidus,20,Non-excavator,10,Obligate,,,X,,Not globally threatened,,,1,,,
Passeriformes,Tyrannidae (Tyrant Flycatchers),Puerto Rican Flycatcher,Myiarchus antillarum,18.5–20,Non-excavator,10,Facultative,,,X,,Not globally threatened,,,1,,,
Passeriformes,Tyrannidae (Tyrant Flycatchers),Lesser Antillean Flycatcher,Myiarchus oberi,19–22,Non-excavator,10,Obligate,,,X,,Not globally threatened,,,1,,,
Passeriformes,Tyrannidae (Tyrant Flycatchers),Flammulated Flycatcher,Deltarhynchus flammulatus,15–16.5,Non-excavator,10,Obligate,,,X,,Not globally threatened,,,1,,,
Passeriformes,Tyrannidae (Tyrant Flycatchers),Great Kiskadee,Pitangus sulphuratus,20.5–23.5,Non-excavator,10; 23,Facultative,,X,X,Picidae,Not globally threatened,,,1,,,
Passeriformes,Tyrannidae (Tyrant Flycatchers),Social Flycatcher,Myiozetetes similis,16–18.5 ,Non-excavator,10,Facultative,X,,X,,Not globally threatened,,,1,,,
Passeriformes,Tyrannidae (Tyrant Flycatchers),White-ringed Flycatcher,Conopias albovittatus,15–16.5 ,Non-excavator,10,Facultative,,X,X,Picidae,Not globally threatened,,,1,,,
Passeriformes,Tyrannidae (Tyrant Flycatchers),Yellow-throated Flycatcher,Conopias parvus,16.5 ,Non-excavator,10,Facultative,,X,X,Picidae,Not globally threatened,,,1,,,
Passeriformes,Tyrannidae (Tyrant Flycatchers),Three-striped Flycatcher,Conopias trivirgatus,13.5–14.5,Non-excavator,10,Obligate,,X,,Picidae,Not globally threatened,,,1,,,
Passeriformes,Tyrannidae (Tyrant Flycatchers),Golden-bellied Flycatcher,Myiodynastes hemichrysus,18–20,Non-excavator,10,Facultative,,X,,Picidae,Not globally threatened,,,1,,,
Passeriformes,Tyrannidae (Tyrant Flycatchers),Golden-crowned Flycatcher,Myiodynastes chrysocephalus,19–22,Non-excavator,10,Facultative,,,X,,Not globally threatened,,,1,,,
Passeriformes,Tyrannidae (Tyrant Flycatchers),Streaked Flycatcher,Myiodynastes maculatus,19.5–23,Non-excavator,10,Facultative,,X,X,Pharomachrus and Picidae,Not globally threatened,,,1,,,
Passeriformes,Tyrannidae (Tyrant Flycatchers),Sulphur-bellied Flycatcher,Myiodynastes luteiventris,19–22,Non-excavator,10,Obligate,,X,X,Pharomachrus and Picidae,Not globally threatened,1,,1,,,
Passeriformes,Tyrannidae (Tyrant Flycatchers),Sirystes,Sirystes sibilator,18–18.5,Non-excavator,10,Obligate,,,X,,Not globally threatened,,,1,,,
Passeriformes,Tyrannidae (Tyrant Flycatchers),Cattle Tyrant,Machetornis rixosa,19.5,Non-excavator,10,Facultative,,,X,,Not globally threatened,,,1,,,
Passeriformes,Tyrannidae (Tyrant Flycatchers),White-crested Elaenia,Elaenia albiceps,14.5–15,Non-excavator,10,Facultative,X,,X,,Not globally threatened,,,1,,,
Passeriformes,Tyrannidae (Tyrant Flycatchers),Euler's Flycatcher,Lathrotriccus euleri,12.7–13.5,Non-excavator,10,Facultative,,,X,,Not globally threatened,,,1,,,
Passeriformes,Tyrannidae (Tyrant Flycatchers),Grey-breasted Flycatcher ,Lathrotriccus griseipectus,13 ,Non-excavator,10,Facultative,,,X,,Vulnerable,,,1,,,
Passeriformes,Tyrannidae (Tyrant Flycatchers),Pacific-slope Flycatcher,Empidonax difficilis,14–17,Non-excavator,10,Facultative,,,X,,Not globally threatened,1,,1,,,
Passeriformes,Tyrannidae (Tyrant Flycatchers),Cordilleran Flycatcher ,Empidonax occidentalis,13–17,Non-excavator,10,Facultative,,,X,,Not globally threatened,1,,1,,,
Passeriformes,Tyrannidae (Tyrant Flycatchers),Say's Phoebe,Sayornis saya,17–19.5,Non-excavator,10,Facultative,X,,X,,Not globally threatened,1,,1,,,
Passeriformes,Tyrannidae (Tyrant Flycatchers),Long-tailed Tyrant,Colonia colonus,18-28,Non-excavator,10,Obligate,,X,,Picidae,Not globally threatened,,,1,,,
Passeriformes,Tyrannidae (Tyrant Flycatchers),Western Kingbird,Tyrannus verticalis,19.5–24.1,Non-excavator,10,Facultative,,X,X,Picidae,Not globally threatened,1,,1,,,
Passeriformes,Tyrannidae (Tyrant Flycatchers),White Monjita,Xolmis irupero,17–18,Non-excavator,10,Facultative,,,X,,Not globally threatened,,,1,,,
Passeriformes,Tyrannidae (Tyrant Flycatchers),Grey Monjita ,Xolmis cinereus,22.5–23,Non-excavator,10,Facultative,,,X,,Not globally threatened,,,1,,,
Passeriformes,Tyrannidae (Tyrant Flycatchers),Black-tailed Tityra,Tityra cayana,20–22,Non-excavator,10,Obligate,,X,X,Picidae,Not globally threatened,,,1,,,
Passeriformes,Tyrannidae (Tyrant Flycatchers),Black-crowned Tityra,Tityra inquisitor,17–20.5,Non-excavator,10,Obligate,,X,X,Picidae,Not globally threatened,,,1,,,
Passeriformes,Tyrannidae (Tyrant Flycatchers),Masked Tityra,Tityra semifasciata,20–24,Non-excavator,10,Obligate,,X,X,Picidae,Not globally threatened,,,1,,,
Passeriformes,Acanthisittidae (New Zealand Wrens),Rifleman,Acanthisitta chloris,7–9,Non-excavator,10,Facultative,,,X,,Not globally threatened,,,,,,1
Passeriformes,Hirundinidae (Swallows),Blue-and-white Swallow,Notiochelidon cyanoleuca,12–13,Non-excavator,10,Facultative,X,,X,,Not globally threatened,,,1,,,
Passeriformes,Hirundinidae (Swallows),White-thighed Swallow,Neochelidon tibialis,12,Non-excavator,10,Facultative,,X,X,,Not globally threatened,,,1,,,
Passeriformes,Hirundinidae (Swallows),Northern Rough-winged Swallow,Stelgidopteryx serripennis,12.5–14.5,Non-excavator,10,Facultative,X,,X,,Not globally threatened,1,,1,,,
Passeriformes,Hirundinidae (Swallows),Barn Swallow,Hirundo rustica,18,Non-excavator,10,Facultative,X,,X,,Not globally threatened,1,1,,,,
Passeriformes,Hirundinidae (Swallows),Welcome Swallow,Hirundo neoxena,13–17,Non-excavator,10,Facultative,X,,X,,Not globally threatened,,,,,,1
Passeriformes,Hirundinidae (Swallows),Grey-breasted Martin,Progne chalybea,16–18 ,Non-excavator,10,Facultative,,,X,,Not globally threatened,,,1,,,
Passeriformes,Hirundinidae (Swallows),Peruvian Martin ,Progne murphyi,17,Non-excavator,10,Facultative,,,X,,Not globally threatened,,,1,,,
Passeriformes,Hirundinidae (Swallows),Purple Martin,Progne subis,19,Non-excavator,10,Facultative,,X,X,Picidae,Not globally threatened,1,,,,,
Passeriformes,Hirundinidae (Swallows),Cuban Martin,Progne cryptoleuca,18–19,Non-excavator,10,Facultative,,X,X,Picidae,Not globally threatened,,,1,,,
Passeriformes,Hirundinidae (Swallows),Caribbean Martin,Progne dominicensis,18–19,Non-excavator,10,Facultative,,,X,,Not globally threatened,,,1,,,
Passeriformes,Hirundinidae (Swallows),Sinaloa Martin,Progne sinaloae,17–18,Non-excavator,10,Facultative,,,X,,Vulnerable,,,1,,,
Passeriformes,Hirundinidae (Swallows),Southern Martin,Progne elegans,17 ,Non-excavator,10,Facultative,,,X,,Not globally threatened,,,1,,,
Passeriformes,Hirundinidae (Swallows),Galapagos Martin,Progne modesta,15,Non-excavator,10,Facultative,,,X,,Endangered,,,1,,,
Passeriformes,Hirundinidae (Swallows),Brown-chested Martin,Progne tapera,16,Non-excavator,10,Facultative,,,X,,Not globally threatened,,,1,,,
Passeriformes,Hirundinidae (Swallows),Tree Martin ,Petrochelidon nigricans,13,Non-excavator,10,Facultative,,,X,,Not globally threatened,,,,,1,1
Passeriformes,Hirundinidae (Swallows),Fairy Martin,Petrochelidon ariel,11,Non-excavator,15,Facultative,,,X,,Not globally threatened,,,,,,1
Passeriformes,Hirundinidae (Swallows),Chilean Swallow ,Tachycineta meyeni,12 ,Non-excavator,10,Obligate,,X,X,Picidae (Veniliornis lignarius and Campephilus magellanicus) and Pygarrhychas albogularis,Not globally threatened,,,1,,,
Passeriformes,Hirundinidae (Swallows),Tree Swallow,Tachycineta bicolor,14,Non-excavator,10,Obligate,,X,X,Picidae,Not globally threatened,1,,,,,
Passeriformes,Hirundinidae (Swallows),Tumbes Swallow,Tachycineta stolzmanni,13,Non-excavator,10,Unknown,,X,,Picidae,Not globally threatened,,,1,,,
Passeriformes,Hirundinidae (Swallows),White-rumped Swallow,Tachycineta leucorrhoa,13,Non-excavator,10,Facultative,,,X,,Not globally threatened,,,1,,,
Passeriformes,Hirundinidae (Swallows),White-winged Swallow,Tachycineta albiventer,14,Non-excavator,10,Facultative,,,X,,Not globally threatened,,,1,,,
Passeriformes,Hirundinidae (Swallows),Mangrove Swallow,Tachycineta albilinea,11–12,Non-excavator,10,Facultative,,X,X,Picidae,Not globally threatened,,,1,,,
Passeriformes,Hirundinidae (Swallows),Golden Swallow,Tachycineta euchrysea,12,Non-excavator,10,Facultative,,X,X,Picidae,Vulnerable,,,1,,,
Passeriformes,Hirundinidae (Swallows),Violet-green Swallow,Tachycineta thalassina,12–13,Non-excavator,10,Facultative,,X,X,Picidae,Not globally threatened,1,,1,,,
Passeriformes,Hirundinidae (Swallows),Bahama Swallow,Tachycineta cyaneoviridis,15,Non-excavator,10,Facultative,,X,X,Picidae,Endangered,,,1,,,
Passeriformes,Hirundinidae (Swallows),Rufous-chested Swallow,Cecropis semirufa,24,Non-excavator,10,Facultative,X,,X,,Not globally threatened,,,,1,,
Passeriformes,Hirundinidae (Swallows),Mosque Swallow,Cecropis senegalensis,24,Non-excavator,10,Facultative,,,X,,Not globally threatened,,,,1,,
Passeriformes,Pycnonotidae (Bulbuls),Spotted Greenbul,Ixonotus guttatus,17,Non-excavator,10,Facultative,X,,X,,Not globally threatened,,,,1,,
Passeriformes,Motacillidae (Wagtails and Pipits),White-browed Wagtail,Motacilla maderaspatensis,21–24,Non-excavator,10,Facultative,,,X,,Not globally threatened,,,,,1,
Passeriformes,Troglodytidae (Wrens),Northern House Wren,Troglodytes aedon,11.5–12.5,Non-excavator,10,Facultative,,X,X,Picidae,Not globally threatened,1,,,,,
Passeriformes,Troglodytidae (Wrens),Brown-throated Wren,Troglodytes brunneicollis,11.5–12.5,Non-excavator,10,Obligate,,,X,,Not globally threatened,1,,1,,,
Passeriformes,Troglodytidae (Wrens),Ochraceous Wren ,Troglodytes ochraceus,9.5–10,Non-excavator,10,Unknown,,,X,,Not globally threatened,,,1,,,
Passeriformes,Troglodytidae (Wrens),Southern House Wren,Troglodytes musculus,11.5–12.5,Non-excavator,10,Facultative,,,X,,Not globally threatened,,,1,,,
Passeriformes,Troglodytidae (Wrens),Northern Wren,Troglodytes troglodytes,9–10 ,Non-excavator,10,Facultative,,,X,,Not globally threatened,1,1,,,1,
Passeriformes,Troglodytidae (Wrens),Rufous-browed Wren,Troglodytes rufociliatus,10–11.5,Non-excavator,10,Facultative,,,X,,Not globally threatened,,,1,,,
Passeriformes,Troglodytidae (Wrens),Mountain Wren,Troglodytes solstitialis,10.5–11.5,Non-excavator,10,Facultative,,,X,,Not globally threatened,,,1,,,
Passeriformes,Troglodytidae (Wrens),Clarion Wren,Troglodytes tanneri,12.5–14,Non-excavator,10,Facultative,X,,X,,Vulnerable,,,1,,,
Passeriformes,Troglodytidae (Wrens),White-breasted Wood-wren,Henicorhina leucosticta,10–11.5,Non-excavator,10,Facultative,X,,X,,Not globally threatened,1,,1,,,
Passeriformes,Troglodytidae (Wrens),Carolina Wren,Thryothorus ludovicianus,12.5–14 ,Non-excavator,10,Facultative,,,X,,Not globally threatened,1,,1,,,
Passeriformes,Troglodytidae (Wrens),Bewick's Wren,Thryomanes bewickii,12–13.5,Non-excavator,10,Facultative,,X,X,Picidae,Not globally threatened,1,,1,,,
Passeriformes,Troglodytidae (Wrens),Thrush-like Wren,Campylorhynchus turdinus,20.5,Non-excavator,10,Facultative,,,X,,Not globally threatened,,,1,,,
Passeriformes,Prunellidae (Accentors),Dunnock,Prunella modularis,14.5,Non-excavator,51,Facultative,,,X,,Not globally threatened,1,,,,,
Passeriformes,Turdidae (Thrushes and Allies),Plumbeous Water-redstart,Rhyacornis fuliginosa,12–13,Non-excavator,10,Facultative,,,X,,Not globally threatened,,1,,,1,
Passeriformes,Turdidae (Thrushes and Allies),White-capped Water-redstart ,Chaimarrornis leucocephalus,18–19,Non-excavator,10,Facultative,,,X,,Not globally threatened,,1,,,1,
Passeriformes,Turdidae (Thrushes and Allies),Song Thrush,Turdus philomelos,20–23,Non-excavator,51,Facultative,,,X,,Not globally threatened,1,1,,,,
Passeriformes,Turdidae (Thrushes and Allies),Grey-backed Thrush,Turdus hortulorum,20–23,Non-excavator,10,Facultative,X,,X,,Not globally threatened,,1,,,,
Passeriformes,Turdidae (Thrushes and Allies),Clay-coloured Thrush,Turdus grayi,23–26.5,Non-excavator,10,Facultative,X,,X,,Not globally threatened,,,1,,,
Passeriformes,Turdidae (Thrushes and Allies),Common Blackbird,Turdus merula,24–27,Non-excavator,51,Facultative,X,,X,,Not globally threatened,1,1,,,,
Passeriformes,Turdidae (Thrushes and Allies),Rufous-throated Thrush,Turdus ruficollis,24–27,Non-excavator,10,Facultative,,,X,,Not globally threatened,,1,,,,
Passeriformes,Turdidae (Thrushes and Allies),Russet-tailed Thrush,Zoothera heinei,23-27,Non-excavator,15,Facultative,,,X,,Not globally threatened,,,,,,1
Passeriformes,Turdidae (Thrushes and Allies),Japanese Robin,Luscinia akahige,14–15,Non-excavator,10,Facultative,X,,X,,Not globally threatened,,1,,,,
Passeriformes,Turdidae (Thrushes and Allies),Bassian Thrush,Zoothera lunulata,27–29,Non-excavator,15,Facultative,,,X,,Not globally threatened,,,,,,1
Passeriformes,Turdidae (Thrushes and Allies),Indian Robin ,Saxicoloides fulicatus,16,Non-excavator,10,Facultative,,,X,,Not globally threatened,,,,,1,
Passeriformes,Turdidae (Thrushes and Allies),Orange-flanked Bush-robin,Tarsiger cyanurus,13–15,Non-excavator,10,Facultative,,,X,,Not globally threatened,,1,,,,
Passeriformes,Turdidae (Thrushes and Allies),Nilgiri Blue Robin,Myiomela major,14 ,Non-excavator,10,Facultative,,,X,,Endangered,,,,,1,
Passeriformes,Turdidae (Thrushes and Allies),White-fronted Black-chat,Pentholaea albifrons,15–16,Non-excavator,10,Facultative,,,X,,Not globally threatened,,,,1,,
Passeriformes,Turdidae (Thrushes and Allies),Swynnerton's Robin,Swynnertonia swynnertoni,12–13,Non-excavator,10,Facultative,,,X,,Vulnerable,,,,1,,
Passeriformes,Turdidae (Thrushes and Allies),Sooty Chat,Myrmecocichla nigra,16–18,Non-excavator,10,Facultative,X,,X,,Not globally threatened,,,,1,,
Passeriformes,Turdidae (Thrushes and Allies),Bocage's Akalat,Sheppardia bocagei,13,Non-excavator,10,Unknown,,,X,,Not globally threatened,,,,1,,
Passeriformes,Turdidae (Thrushes and Allies),Olive-flanked Robin-chat,Cossypha anomala,14–15,Non-excavator,10,Facultative,,,X,,Not globally threatened,,,,1,,
Passeriformes,Turdidae (Thrushes and Allies),Rufous-capped Robin-chat ,Cossypha natalensis,16–17,Non-excavator,10,Facultative,,,X,,Not globally threatened,,,,1,,
Passeriformes,Turdidae (Thrushes and Allies),Mountain Robin-chat,Cossypha isabellae,15,Non-excavator,10,Facultative,,,X,,Not globally threatened,,,,1,,
Passeriformes,Turdidae (Thrushes and Allies),White-browed Shama,Copsychus luzoniensis,17–18,Non-excavator,10,Obligate,,,X,,Not globally threatened,,,,,1,
Passeriformes,Turdidae (Thrushes and Allies),Rufous Flycatcher-thrush,Stizorhina fraseri,18–20,Non-excavator,10,Facultative,,,X,,Not globally threatened,,,,1,,
Passeriformes,Turdidae (Thrushes and Allies),Red-tailed Ant-thrush,Neocossyphus rufus,22–25,Non-excavator,10,Obligate,,,X,,Not globally threatened,,,,1,,
Passeriformes,Turdidae (Thrushes and Allies),Mountain Bluebird,Sialia currucoides,16.5–20,Non-excavator,10,Obligate,,X,,Picidae,Not globally threatened,1,,,,,
Passeriformes,Turdidae (Thrushes and Allies),Eastern Bluebird ,Sialia sialis,16.5–21,Non-excavator,10,Obligate,,X,X,Picidae,Not globally threatened,1,,1,,,
Passeriformes,Turdidae (Thrushes and Allies),Western Bluebird ,Sialia mexicana,16.5–19,Non-excavator,10,Obligate,,X,X,,Not globally threatened,1,,,,,
Passeriformes,Turdidae (Thrushes and Allies),Cuban Solitaire,Myadestes elisabeth,19–20.5,Non-excavator,10,Facultative,,,X,,Not globally threatened,,,1,,,
Passeriformes,Turdidae (Thrushes and Allies),Rufous-throated Solitaire,Myadestes genibarbis,19–20.5,Non-excavator,10,Facultative,,,X,,Not globally threatened,,,1,,,
Passeriformes,Turdidae (Thrushes and Allies),Puaiohi ,Myadestes palmeri,16.5–18,Non-excavator,10,Facultative,X,,X,,Critically Endangered,1,,,,,
Passeriformes,Turdidae (Thrushes and Allies),Omao,Myadestes obscurus,18–19.5 ,Non-excavator,10,Facultative,,,X,,Vulnerable,1,,,,,
Passeriformes,Muscicapidae (Old World Flycatchers),Southern Black-flycatcher,Melaenornis pammelaina,19–22,Non-excavator,10,Facultative,,,X,,Not globally threatened,,,,1,,
Passeriformes,Muscicapidae (Old World Flycatchers),Fraser's Forest-flycatcher,Fraseria ocreata,18,Non-excavator,10,Facultative,,X,X,Picidae and Lybiidae,Not globally threatened,,,,1,,
Passeriformes,Muscicapidae (Old World Flycatchers),Fire-crested Alethe,Alethe castanea,18–20,Non-excavator,10,Facultative,,,X,,Not globally threatened,,,,1,,
Passeriformes,Muscicapidae (Old World Flycatchers),Karoo Scrub-robin,Erythropygia coryphaeus,15–17,Non-excavator,10,Facultative,X,,X,,Not globally threatened,,,,1,,
Passeriformes,Muscicapidae (Old World Flycatchers),Forest Scrub-robin,Erythropygia leucosticta,15–16.5,Non-excavator,10,Unknown,,,X,,Not globally threatened,,,,1,,
Passeriformes,Muscicapidae (Old World Flycatchers),Brown Scrub-robin,Erythropygia signata,16–19,Non-excavator,10,Obligate,,,X,,Not globally threatened,,,,1,,
Passeriformes,Muscicapidae (Old World Flycatchers),Bearded Scrub-robin,Erythropygia quadrivirgata,16,Non-excavator,10,Facultative,,,X,,Not globally threatened,,,,1,,
Passeriformes,Muscicapidae (Old World Flycatchers),Miombo Scrub-robin,Erythropygia barbata,17,Non-excavator,10,Obligate,,,X,,Not globally threatened,,,,1,,
Passeriformes,Muscicapidae (Old World Flycatchers),Oriental Magpie-robin,Copsychus saularis,19–21,Non-excavator,10,Facultative,,X,X,Picidae,Not globally threatened,,,,,1,
Passeriformes,Muscicapidae (Old World Flycatchers),Madagascar Magpie-robin,Copsychus albospecularis,18 ,Non-excavator,10,Facultative,,,X,,Not globally threatened,,,,1,,
Passeriformes,Muscicapidae (Old World Flycatchers),Seychelles Magpie-robin,Copsychus sechellarum,18–20,Non-excavator,10,Facultative,,,X,,Endangered,,,,1,,
Passeriformes,Muscicapidae (Old World Flycatchers),White-rumped Shama,Copsychus malabaricus,21–28,Non-excavator,10,Facultative,,,X,,Not globally threatened,,,,,1,
Passeriformes,Muscicapidae (Old World Flycatchers),White-bellied Blue-flycatcher,Cyornis pallipes,15,Non-excavator,10,Facultative,,,X,,Not globally threatened,,,,,1,
Passeriformes,Muscicapidae (Old World Flycatchers),Pale Blue-flycatcher,Cyornis unicolor,16.5–18,Non-excavator,10,Facultative,,,X,,Not globally threatened,,1,,,1,
Passeriformes,Muscicapidae (Old World Flycatchers),Matinan Blue-flycatcher,Cyornis sanfordi,14.5,Non-excavator,36,Facultative,,,X,,Endangered,,,,,1,
Passeriformes,Muscicapidae (Old World Flycatchers),Timor Blue-flycatcher,Cyornis hyacinthinus,14,Non-excavator,10,Unknown,,,X,,Not globally threatened,,,,,1,
Passeriformes,Muscicapidae (Old World Flycatchers),Mangrove Blue-flycatcher,Cyornis rufigastra,14–15,Non-excavator,10,Facultative,,,X,,Not globally threatened,,,,,1,
Passeriformes,Muscicapidae (Old World Flycatchers),Malaysian Blue-flycatcher,Cyornis turcosus,13–14,Non-excavator,10,Facultative,,,X,,Not globally threatened,,,,,1,
Passeriformes,Muscicapidae (Old World Flycatchers),Blue-throated Blue-flycatcher,Cyornis rubeculoides,14–15,Non-excavator,10,Facultative,,,X,,Not globally threatened,,1,,,1,
Passeriformes,Muscicapidae (Old World Flycatchers),Bornean Blue-flycatcher,Cyornis superbus,15,Non-excavator,10,Facultative,,,X,,Not globally threatened,,,,,1,
Passeriformes,Muscicapidae (Old World Flycatchers),Large-billed Blue-flycatcher,Cyornis caerulatus,14,Non-excavator,10,Facultative,,,X,,Vulnerable,,,,,1,
Passeriformes,Muscicapidae (Old World Flycatchers),Tickell's Blue-flycatcher,Cyornis tickelliae,14–15,Non-excavator,10,Facultative,,,X,,Not globally threatened,,,,,1,
Passeriformes,Muscicapidae (Old World Flycatchers),Palawan Blue-flycatcher,Cyornis lemprieri,16,Non-excavator,10,Facultative,,,X,,Not globally threatened,,,,,1,
Passeriformes,Muscicapidae (Old World Flycatchers),Hill Blue-flycatcher,Cyornis banyumas,14–15.5,Non-excavator,10,Facultative,,,X,,Not globally threatened,,1,,,1,
Passeriformes,Muscicapidae (Old World Flycatchers),Pale-chinned Flycatcher,Cyornis poliogenys,15.5–18,Non-excavator,10,Facultative,,,X,,Not globally threatened,,1,,,1,
Passeriformes,Muscicapidae (Old World Flycatchers),Blue-breasted Blue-flycatcher,Cyornis herioti,15,Non-excavator,10,Facultative,,,X,,Not globally threatened,,,,,1,
Passeriformes,Muscicapidae (Old World Flycatchers),Rück's Blue-flycatcher,Cyornis ruckii,17,Non-excavator,10,Facultative,,,X,,Critically Endangered,,,,,1,
Passeriformes,Muscicapidae (Old World Flycatchers),White-tailed Blue-flycatcher,Cyornis concretus,18–19,Non-excavator,10,Facultative,,,X,,Not globally threatened,,1,,,1,
Passeriformes,Muscicapidae (Old World Flycatchers),Hainan Blue-flycatcher,Cyornis hainanus,13–14,Non-excavator,10,Facultative,,,X,,Not globally threatened,,1,,,1,
Passeriformes,Muscicapidae (Old World Flycatchers),Fujian Niltava,Niltava davidi,18,Non-excavator,Inferred,Facultative,,,X,,Not globally threatened,,1,,,1,
Passeriformes,Muscicapidae (Old World Flycatchers),Vivid Niltava,Niltava vivida,18–19,Non-excavator,Inferred,Facultative,,,X,,Not globally threatened,,1,,,1,
Passeriformes,Muscicapidae (Old World Flycatchers),Small Niltava,Niltava macgrigoriae,11–14,Non-excavator,10,Facultative,,,X,,Not globally threatened,,1,,,1,
Passeriformes,Muscicapidae (Old World Flycatchers),Sumatran Niltava,Niltava sumatrana,15,Non-excavator,10,Obligate,,,X,,Not globally threatened,,,,,1,
Passeriformes,Muscicapidae (Old World Flycatchers),Large Niltava,Niltava grandis,20–22,Non-excavator,10,Facultative,,,X,,Not globally threatened,,1,,,1,
Passeriformes,Muscicapidae (Old World Flycatchers),Rufous-bellied Niltava,Niltava sundara,15–18,Non-excavator,10,Facultative,,,X,,Not globally threatened,,1,,,1,
Passeriformes,Muscicapidae (Old World Flycatchers),Rüppell's Robin-chat,Cossypha semirufa,18–19,Non-excavator,10,Facultative,,,X,,Not globally threatened,,,,1,,
Passeriformes,Muscicapidae (Old World Flycatchers),White-browed Robin-chat,Cossypha heuglini,19–20,Non-excavator,10,Facultative,,,X,,Not globally threatened,,,,1,,
Passeriformes,Muscicapidae (Old World Flycatchers),Chorister Robin-chat,Cossypha dichroa,19–20,Non-excavator,10,Facultative,,,X,,Not globally threatened,,,,1,,
Passeriformes,Muscicapidae (Old World Flycatchers),Snowy-crowned Robin-chat,Cossypha niveicapilla,20.5–22 ,Non-excavator,10,Facultative,,,X,,Not globally threatened,,,,1,,
Passeriformes,Muscicapidae (Old World Flycatchers),Collared Palm-thrush,Cichladusa arquata,17–18,Non-excavator,10,Facultative,,,X,,Not globally threatened,,,,1,,
Passeriformes,Muscicapidae (Old World Flycatchers),European Robin,Erithacus rubecula,14,Non-excavator,10,Facultative,,,X,,Not globally threatened,,1,,,,
Passeriformes,Muscicapidae (Old World Flycatchers),Brown-chested Alethe,Pseudalethe poliocephala,15–16,Non-excavator,10,Facultative,,,X,,Not globally threatened,,,,1,,
Passeriformes,Muscicapidae (Old World Flycatchers),Rufous-tailed Robin,Luscinia sibilans,13–14,Non-excavator,10,Facultative,,,X,,Not globally threatened,,1,,,,
Passeriformes,Muscicapidae (Old World Flycatchers),Indian Blue Robin,Luscinia brunnea,13–15,Non-excavator,10,Facultative,,,X,,Not globally threatened,,1,,,1,
Passeriformes,Muscicapidae (Old World Flycatchers),White-throated Robin,Irania gutturalis,15–17,Non-excavator,10,Facultative,,,X,,Not globally threatened,,1,,,,
Passeriformes,Muscicapidae (Old World Flycatchers),Blue Whistling-thrush,Myophonus caeruleus,29–35,Non-excavator,10,Facultative,,,X,,Not globally threatened,,1,,,1,
Passeriformes,Muscicapidae (Old World Flycatchers),White-throated Jungle-flycatcher,Rhinomyias albigularis,16.5–17,Non-excavator,10,Obligate,,,X,,Endangered,,,,,1,
Passeriformes,Muscicapidae (Old World Flycatchers),Semi-collared Flycatcher,Ficedula semitorquata,13,Non-excavator,10,Obligate,,X,X,Picidae,Not globally threatened,,1,,,,
Passeriformes,Muscicapidae (Old World Flycatchers),Yellow-rumped Flycatcher,Ficedula zanthopygia,13–13.5,Non-excavator,10,Facultative,,,X,,Not globally threatened,,1,,,,
Passeriformes,Muscicapidae (Old World Flycatchers),Slaty-blue Flycatcher,Ficedula tricolor,12.5–13,Non-excavator,10,Facultative,,,X,,Not globally threatened,,1,,,1,
Passeriformes,Muscicapidae (Old World Flycatchers),Snowy-browed Flycatcher,Ficedula hyperythra,11–13,Non-excavator,10,Facultative,,,X,,Not globally threatened,,1,,,1,
Passeriformes,Muscicapidae (Old World Flycatchers),Sapphire Flycatcher,Ficedula sapphira,10–12,Non-excavator,10,Facultative,,,X,,Not globally threatened,,1,,,1,
Passeriformes,Muscicapidae (Old World Flycatchers),Ultramarine Flycatcher,Ficedula superciliaris,11.5–12,Non-excavator,10,Obligate,,,X,,Not globally threatened,,1,,,1,
Passeriformes,Muscicapidae (Old World Flycatchers),Kashmir Flycatcher,Ficedula subrubra,13,Non-excavator,10,Obligate,,,X,,Vulnerable,,,,,1,
Passeriformes,Muscicapidae (Old World Flycatchers),Red-breasted Flycatcher,Ficedula parva,11.5,Non-excavator,10,Facultative,,,X,,Not globally threatened,,1,,,,
Passeriformes,Muscicapidae (Old World Flycatchers),European Pied Flycatcher,Ficedula hypoleuca,13,Non-excavator,10,Facultative,,X,X,Picidae,Not globally threatened,,1,,,,
Passeriformes,Muscicapidae (Old World Flycatchers),Collared Flycatcher,Ficedula albicollis,13,Non-excavator,10,Facultative,,X,X,Picidae,Not globally threatened,,1,,,,
Passeriformes,Muscicapidae (Old World Flycatchers),Narcissus Flycatcher,Ficedula narcissina,13–13.5,Non-excavator,10,Facultative,,,X,,Not globally threatened,,1,,,,
Passeriformes,Muscicapidae (Old World Flycatchers),Blue-fronted Redstart,Phoenicurus frontalis,15–16,Non-excavator,10,Facultative,,,X,,Not globally threatened,,1,,,1,
Passeriformes,Muscicapidae (Old World Flycatchers),Moussier's Redstart,Phoenicurus moussieri,12,Non-excavator,10,Facultative,,,X,,Not globally threatened,,,,1,,
Passeriformes,Muscicapidae (Old World Flycatchers),Common Redstart,Phoenicurus phoenicurus,14,Non-excavator,10,Facultative,,X,X,Picidae,Not globally threatened,,1,,,,
Passeriformes,Muscicapidae (Old World Flycatchers),White-throated Redstart,Phoenicurus schisticeps,15,Non-excavator,10,Facultative,,,X,,Not globally threatened,,1,,,1,
Passeriformes,Muscicapidae (Old World Flycatchers),Daurian Redstart,Phoenicurus auroreus,15,Non-excavator,10,Facultative,,,X,,Not globally threatened,,1,,,1,
Passeriformes,Muscicapidae (Old World Flycatchers),Hodgson's Redstart,Phoenicurus hodgsoni,15,Non-excavator,10,Facultative,,,X,,Not globally threatened,,1,,,,
Passeriformes,Muscicapidae (Old World Flycatchers),Little Rock-thrush ,Monticola rufocinereus,15–16,Non-excavator,10,Facultative,,,X,,Not globally threatened,,1,,1,,
Passeriformes,Muscicapidae (Old World Flycatchers),Common Rock-thrush,Monticola saxatilis,16–19,Non-excavator,10,Facultative,X,,X,,Not globally threatened,,1,,,,
Passeriformes,Muscicapidae (Old World Flycatchers),Miombo Rock-thrush,Monticola angolensis,18,Non-excavator,10,Obligate,,,X,,Not globally threatened,,,,1,,
Passeriformes,Muscicapidae (Old World Flycatchers),White-headed Black-chat,Pentholaea arnotti,16–18,Non-excavator,10,Obligate,,X,X,Picidae and Lybiidae,Not globally threatened,,,,1,,
Passeriformes,Muscicapidae (Old World Flycatchers),Variable Wheatear,Oenanthe picata,15,Non-excavator,10,Facultative,X,,,,Not globally threatened,,1,,,,
Passeriformes,Muscicapidae (Old World Flycatchers),White-browed Forest-flycatcher,Fraseria cinerascens,17,Non-excavator,10,Facultative,,,,,Not globally threatened,,,,1,,
Passeriformes,Muscicapidae (Old World Flycatchers),Asian Verditer-flycatcher,Eumyias thalassinus,15–17,Non-excavator,10,Facultative,,,X,,Not globally threatened,,1,,,1,
Passeriformes,Muscicapidae (Old World Flycatchers),Dark-sided Flycatcher ,Muscicapa sibirica,13–14,Non-excavator,10,Facultative,,,X,,Not globally threatened,,1,,,1,
Passeriformes,Muscicapidae (Old World Flycatchers),Spotted Flycatcher,Muscicapa striata,13.5–14.5 ,Non-excavator,10,Facultative,,,X,,Not globally threatened,,1,,,,
Passeriformes,Muscicapidae (Old World Flycatchers),Ashy Flycatcher ,Muscicapa caerulescens,13–15,Non-excavator,10,Facultative,,,X,,Not globally threatened,,,,1,,
Passeriformes,Muscicapidae (Old World Flycatchers),Cassin's Flycatcher,Muscicapa cassini,13,Non-excavator,10,Facultative,,,X,,Not globally threatened,,,,1,,
Passeriformes,Muscicapidae (Old World Flycatchers),Grey Tit-flycatcher,Myioparus plumbeus,14,Non-excavator,10,Obligate,,X,X,Picidae and Lybiidae,Not globally threatened,,,,1,,
Passeriformes,Muscicapidae (Old World Flycatchers),Grey-throated Tit-flycatcher,Myioparus griseigularis,13,Non-excavator,10,Facultative,,X,X,Picidae,Not globally threatened,,,,1,,
Passeriformes,Muscicapidae (Old World Flycatchers),White-tailed Alethe,Alethe diademata,18,Non-excavator,10,Facultative,,,X,,Not globally threatened,,,,1,,
Passeriformes,Sylviidae (Old World Warblers),Western Crowned Leaf-warbler,Phylloscopus occipitalis,11–13,Non-excavator,10,Facultative,X,,X,,Not globally threatened,,1,,,,
Passeriformes,Sylviidae (Old World Warblers),Arctic Warbler ,Phylloscopus borealis,12–13,Non-excavator,10,Facultative,X,,X,,Not globally threatened,1,1,,,,
Passeriformes,Sylviidae (Old World Warblers),Canary Chiffchaff ,Phylloscopus canariensis,12–14,Non-excavator,10,Facultative,X,,X,,Not globally threatened,,,,1,,
Passeriformes,Sylviidae (Old World Warblers),White-tailed Leaf-warbler,Phylloscopus davisoni,10–11,Non-excavator,10,Facultative,X,,X,,Not globally threatened,,1,,,1,
Passeriformes,Sylviidae (Old World Warblers),Large-billed Leaf-warbler,Phylloscopus magnirostris,12.5–13,Non-excavator,10,Facultative,X,,X,,Not globally threatened,,1,,,1,
Passeriformes,Sylviidae (Old World Warblers),Blyth's Leaf-warbler,Phylloscopus reguloides,10.5–12,Non-excavator,10,Facultative,X,,X,,Not globally threatened,,1,,,1,
Passeriformes,Sylviidae (Old World Warblers),Uganda Woodland-warbler,Phylloscopus budongoensis,10,Non-excavator,10,Facultative,X,,X,,Not globally threatened,,,,1,,
Passeriformes,Sylviidae (Old World Warblers),Greenish Warbler,Phylloscopus trochiloides,10–11.5,Non-excavator,10,Facultative,X,,X,,Not globally threatened,,1,,,,
Passeriformes,Sylviidae (Old World Warblers),Sakhalin Leaf-warbler,Phylloscopus borealoides,11.5,Non-excavator,10,Facultative,X,,X,,Not globally threatened,,1,,,,
Passeriformes,Sylviidae (Old World Warblers),White-spectacled Warbler,Seicercus affinis,11–12,Non-excavator,10,Facultative,X,,X,,Not globally threatened,,1,,,1,
Passeriformes,Timaliidae (Babblers),Jungle Babbler,Turdoides striata,25,Non-excavator,10,Facultative,,,X,,Not globally threatened,,,,,1,
Passeriformes,Eupetidae (Jewel-babblers and allies),Spotted Jewel-babbler,Ptilorrhoa leucosticta,20,Non-excavator,50,Facultative,,,X,,Not globally threatened,,,,,,1
Passeriformes,Pachycephalidae (Whistlers),Yellowhead ,Mohoua ochrocephala,14–15,Non-excavator,10,Obligate,,,X,,Endangered,,,,,,1
Passeriformes,Pachycephalidae (Whistlers),Grey Shrike-thrush,Colluricincla harmonica,22.5–25,Non-excavator,10,Facultative,,,X,,Not globally threatened,,,,,,1
Passeriformes,Pachycephalidae (Whistlers),Crested Bellbird,Oreoica gutturalis,19–23,Non-excavator,10,Facultative,,,X,,Not globally threatened,,,,,,1
Passeriformes,Notiomystidae (Stitchbird),Stitchbird,Notiomystis cincta,18,Non-excavator,10,Obligate,,,X,,Vulnerable,,,,,,1
Passeriformes,Petroicidae (Australasian Robins),Lesser Ground-robin,Amalocichla incerta,14–15,Non-excavator,10,Facultative,X,,X,,Not globally threatened,,,,,,1
Passeriformes,Petroicidae (Australasian Robins),Black Robin,Petroica traversi,15,Non-excavator,10,Facultative,,,X,,Endangered,,,,,,1
Passeriformes,Petroicidae (Australasian Robins),Scarlet Robin,Petroica boodang,12–13.5,Non-excavator,10,Facultative,,,X,,Not assessed,,,,,,1
Passeriformes,Petroicidae (Australasian Robins),Tomtit,Petroica macrocephala,13,Non-excavator,10,Facultative,,,X,,Not globally threatened,,,,,,1
Passeriformes,Petroicidae (Australasian Robins),Flame Robin,Petroica phoenicea,12–14,Non-excavator,10,Facultative,,,X,,Not globally threatened,,,,,,1
Passeriformes,Petroicidae (Australasian Robins),Pink Robin,Petroica rodinogaster,11.5–13,Non-excavator,15,Facultative,,,X,,Not globally threatened,,,,,,1
Passeriformes,Petroicidae (Australasian Robins),New Zealand Robin,Petroica australis,18,Non-excavator,10,Facultative,,,X,,Not globally threatened,,,,,,1
Passeriformes,Petroicidae (Australasian Robins),Pacific Robin,Petroica multicolor,11.5–13.5,Non-excavator,50,Facultative,X,,X,,Not globally threatened,,,,,,1
Passeriformes,Petroicidae (Australasian Robins),Hooded Robin,Melanodryas cucullata,15–17.5,Non-excavator,10,Facultative,X,,X,,Not globally threatened,,,,,,1
Passeriformes,Petroicidae (Australasian Robins),Dusky Robin,Melanodryas vittata,16–16.5,Non-excavator,10,Facultative,,,X,,Not globally threatened,,,,,,1
Passeriformes,Maluridae (Fairy-wrens),Broad-billed Fairy-wren,Malurus grayi,14–14.5,Non-excavator,50,Unknown,,,X,,Not globally threatened,,,,,,1
Passeriformes,Acanthizidae (Thornbills and Allies),Southern Whiteface,Aphelocephala leucopsis,10.5–12.5,Non-excavator,10,Facultative,,,X,,Not globally threatened,,,,,,1
Passeriformes,Acanthizidae (Thornbills and Allies),Buff-rumped Thornbill,Acanthiza reguloides,9.5–11,Non-excavator,10,Facultative,,,X,,Not globally threatened,,,,,,1
Passeriformes,Acanthizidae (Thornbills and Allies),Western Thornbill,Acanthiza inornata,8–10.5,Non-excavator,10,Facultative,,,X,,Not globally threatened,,,,,,1
Passeriformes,Acanthizidae (Thornbills and Allies),Chestnut-rumped Thornbill,Acanthiza uropygialis,9–11,Non-excavator,10,Facultative,,,X,,Not globally threatened,,,,,,1
Passeriformes,Climacteridae (Australasian Treecreepers),White-throated Treecreeper,Cormobates leucophaea,14–16.5,Non-excavator,10,Obligate,,,X,,Not globally threatened,,,,,,1
Passeriformes,Climacteridae (Australasian Treecreepers),Papuan Treecreeper,Cormobates placens,14.5,Non-excavator,50,Unknown,,,X,,Not globally threatened,,,,,,1
Passeriformes,Climacteridae (Australasian Treecreepers),Black-tailed Treecreeper,Climacteris melanurus,16–19,Non-excavator,10,Obligate,,,X,,Not globally threatened,,,,,,1
Passeriformes,Climacteridae (Australasian Treecreepers),White-browed Treecreeper,Climacteris affinis,14–16,Non-excavator,10,Obligate,,,X,,Not globally threatened,,,,,,1
Passeriformes,Climacteridae (Australasian Treecreepers),Red-browed Treecreeper,Climacteris erythrops,15–16,Non-excavator,10,Obligate,,,X,,Not globally threatened,,,,,,1
Passeriformes,Climacteridae (Australasian Treecreepers),Brown Treecreeper,Climacteris picumnus,14–18,Non-excavator,10,Facultative,,,X,,Not globally threatened,,,,,,1
Passeriformes,Climacteridae (Australasian Treecreepers),Rufous Treecreeper,Climacteris rufus,16.5–18,Non-excavator,10,Obligate,,,X,,Not globally threatened,,,,,,1
Passeriformes,"Paridae (Tits, Chickadees, and Titmice)",Yellow-browed Tit,Sylviparus modestus,9–10,Unknown,Inferred,Obligate,,X,X,,Not globally threatened,,1,,,,
Passeriformes,"Paridae (Tits, Chickadees, and Titmice)",Sultan Tit,Melanochlora sultanea,20–21,Unknown,10,Obligate,,X,X,,Not globally threatened,,1,,,1,
Passeriformes,"Paridae (Tits, Chickadees, and Titmice)",Canary Blue Tit,Cyanistes teneriffae,11–12,Non-excavator,10,Facultative,,X,X,,not assessed,,,,1,,
Passeriformes,"Paridae (Tits, Chickadees, and Titmice)",Common Blue Tit,Cyanistes caeruleus,11–12,Non-excavator,10; 27,Facultative,,,X,,Not globally threatened,,1,,,,
Passeriformes,"Paridae (Tits, Chickadees, and Titmice)",Azure Tit,Cyanistes cyanus,13–14,Non-excavator,10,Facultative,,,X,,Not globally threatened,,1,,,1,
Passeriformes,"Paridae (Tits, Chickadees, and Titmice)",Spot-winged Tit,Periparus melanolophus,11–12,Facultative excavator,10,Facultative,,X,X,,Not globally threatened,,,,,1,
Passeriformes,"Paridae (Tits, Chickadees, and Titmice)",Elegant Tit ,Periparus elegans,11.5–12,Facultative excavator,Inferred,Obligate,,X,X,,Not globally threatened,,,,,1,
Passeriformes,"Paridae (Tits, Chickadees, and Titmice)",Coal Tit,Periparus ater,10–12,Facultative excavator,10; 27,Facultative,,X,X,Picidae,Not globally threatened,,1,,,1,
Passeriformes,"Paridae (Tits, Chickadees, and Titmice)",Black-breasted Tit,Periparus rufonuchalis,13,Facultative excavator,10,Facultative,,X,X,,Not globally threatened,,1,,,1,
Passeriformes,"Paridae (Tits, Chickadees, and Titmice)",Rufous-vented Tit,Periparus rubidiventris,12–13,Facultative excavator,10,Facultative,,X,X,,Not globally threatened,,1,,,1,
Passeriformes,"Paridae (Tits, Chickadees, and Titmice)",Yellow-bellied Tit,Periparus venustulus,10–11,Facultative excavator,10,Facultative,,X,X,,Not globally threatened,,1,,,,
Passeriformes,"Paridae (Tits, Chickadees, and Titmice)",Palawan Tit,Periparus amabilis,12–13,Facultative excavator,Inferred,Unknown,,X,X,,Not globally threatened,,,,,1,
Passeriformes,"Paridae (Tits, Chickadees, and Titmice)",Grey-crested Tit,Lophophanes dichrous,11.5–12.5,Facultative excavator,20,Facultative,,X,X,,Not globally threatened,,1,,,1,
Passeriformes,"Paridae (Tits, Chickadees, and Titmice)",European Crested Tit,Lophophanes cristatus,11.5–12,Facultative excavator,10,Facultative,,X,X,Picidae (Dendrocopos major),Not globally threatened,,1,,,,
Passeriformes,"Paridae (Tits, Chickadees, and Titmice)",Sombre Tit ,Poecile lugubris,14–15,Facultative excavator,10,Facultative,,X,X,,Not globally threatened,,1,,,,
Passeriformes,"Paridae (Tits, Chickadees, and Titmice)",Siberian Tit,Poecile cinctus,13.5–14,Facultative excavator,Inferred,Obligate,,X,X,Picidae,Not globally threatened,1,1,,,,
Passeriformes,"Paridae (Tits, Chickadees, and Titmice)",Rusty-breasted Tit,Poecile davidi,12–13,Facultative excavator,10,Facultative,,X,X,,Not globally threatened,,1,,,,
Passeriformes,"Paridae (Tits, Chickadees, and Titmice)",Varied Tit,Poecile varius,12–14,Facultative excavator,10,Facultative,,X,X,Picidae and Sittiparus varius,Not globally threatened,,1,,,,
Passeriformes,"Paridae (Tits, Chickadees, and Titmice)",Marsh Tit,Poecile palustris,11–12,Non-excavator*,10; 27,Facultative,,X,X,,Not globally threatened,,1,,,1,
Passeriformes,"Paridae (Tits, Chickadees, and Titmice)",Willow Tit,Poecile montanus,11–12,Facultative excavator,Inferred,Obligate,,X,X,Picidae,Not globally threatened,,1,,,,
Passeriformes,"Paridae (Tits, Chickadees, and Titmice)",Carolina Chickadee,Poecile carolinensis,11.5–13,Facultative excavator,Inferred,Obligate,,X,X,Picidae,Not globally threatened,1,,,,,
Passeriformes,"Paridae (Tits, Chickadees, and Titmice)",Black-capped Chickadee,Poecile atricapillus,13–14.5,Facultative excavator,10,Facultative,,X,X,Picidae,Not globally threatened,1,,,,,
Passeriformes,"Paridae (Tits, Chickadees, and Titmice)",Mountain Chickadee,Poecile gambeli,13.5–15,Facultative excavator,Inferred,Obligate,,X,X,Picidae,Not globally threatened,1,,,,,
Passeriformes,"Paridae (Tits, Chickadees, and Titmice)",Mexican Chickadee,Poecile sclateri,12.5–13.5,Facultative excavator,Inferred,Obligate,,X,X,,Not globally threatened,1,,,,,
Passeriformes,"Paridae (Tits, Chickadees, and Titmice)",Chestnut-backed Chickadee,Poecile rufescens,11.5–12.5,Facultative excavator,10,Facultative,,X,X,Picidae,Not globally threatened,1,,,,,
Passeriformes,"Paridae (Tits, Chickadees, and Titmice)",Boreal Chickadee,Poecile hudsonicus,12.5–14.5,Facultative excavator,Inferred,Obligate,,X,X,Picidae,Not globally threatened,1,,,,,
Passeriformes,"Paridae (Tits, Chickadees, and Titmice)",Bridled Titmouse,Baeolophus wollweberi,11.5–13.5,Facultative excavator,Inferred,Obligate,,X,X,Picidae,Not globally threatened,1,,,,,
Passeriformes,"Paridae (Tits, Chickadees, and Titmice)",Oak Titmouse,Baeolophus inornatus,15–16,Facultative excavator,Inferred,Obligate,,X,X,Picidae,Not globally threatened,1,,,,,
Passeriformes,"Paridae (Tits, Chickadees, and Titmice)",Juniper Titmouse,Baeolophus ridgwayi,15–16,Facultative excavator,Inferred,Obligate,,X,X,Picidae,Not globally threatened,1,,,,,
Passeriformes,"Paridae (Tits, Chickadees, and Titmice)",Tufted Titmouse,Baeolophus bicolor,11.5–14,Facultative excavator,Inferred,Obligate,,X,X,Picidae,Not globally threatened,1,,,,,
Passeriformes,"Paridae (Tits, Chickadees, and Titmice)",Black-crested Titmouse,Baeolophus atricristatus,14.5–15,Facultative excavator,10,Facultative,,X,X,Picidae,Not globally threatened,1,,,,,
Passeriformes,"Paridae (Tits, Chickadees, and Titmice)",Green-backed Tit,Parus monticolus,12.5–13,Non-excavator,10,Facultative,,,X,,Not globally threatened,,1,,,1,
Passeriformes,"Paridae (Tits, Chickadees, and Titmice)",Great Tit,Parus major,12.5–14,Non-excavator,10,Facultative,,X,X,Picidae ,Not globally threatened,,1,,,1,
Passeriformes,"Paridae (Tits, Chickadees, and Titmice)",White-naped Tit,Parus nuchalis,12–13,Non-excavator,Inferred,Obligate,,X,X,Picidae,Vulnerable,,,,,1,
Passeriformes,"Paridae (Tits, Chickadees, and Titmice)",Stripe-breasted Tit,Parus fasciiventer,14,Non-excavator,Inferred,Unknown,,,X,,Not globally threatened,,,,1,,
Passeriformes,"Paridae (Tits, Chickadees, and Titmice)",Yellow Tit,Parus holsti,12.5–13,Non-excavator,Inferred,Unknown,,,X,,Not globally threatened,,,,,1,
Passeriformes,"Paridae (Tits, Chickadees, and Titmice)",Black-lored Tit,Parus xanthogenys,13–14,Non-excavator,10,Facultative,,X,X,Picidae and Megalaimidae,Not globally threatened,,,,,1,
Passeriformes,"Paridae (Tits, Chickadees, and Titmice)",Rufous-bellied Tit,Parus rufiventris,14–15,Non-excavator,Inferred,Obligate,,X,X,Picidae and Lybiidae,Not globally threatened,,,,1,,
Passeriformes,"Paridae (Tits, Chickadees, and Titmice)",White-bellied Tit,Parus albiventris,14–15,Non-excavator,Inferred,Obligate,,X,X,Picidae and Lybiidae,Not globally threatened,,,,1,,
Passeriformes,"Paridae (Tits, Chickadees, and Titmice)",Dusky Tit,Parus funereus,13–14.5,Non-excavator,Inferred,Unknown,,,X,,Not globally threatened,,,,1,,
Passeriformes,"Paridae (Tits, Chickadees, and Titmice)",White-backed Black Tit,Parus leuconotus,13.5–14 ,Non-excavator,Inferred,Unknown,,,X,,Not globally threatened,,,,1,,
Passeriformes,"Paridae (Tits, Chickadees, and Titmice)",Miombo Tit,Parus griseiventris,14–15,Non-excavator,10,Facultative,,X,X,Picidae and Lybiidae,Not globally threatened,,,,1,,
Passeriformes,"Paridae (Tits, Chickadees, and Titmice)",Somali Tit,Parus thruppi,11.5–12,Non-excavator,Inferred,Unknown,,,X,,Not globally threatened,,,,1,,
Passeriformes,"Paridae (Tits, Chickadees, and Titmice)",Red-throated Tit,Parus fringillinus,11.5–12,Non-excavator,Inferred,Unknown,,,X,,Not globally threatened,,,,1,,
Passeriformes,"Paridae (Tits, Chickadees, and Titmice)",White-winged Black Tit,Parus leucomelas,15–16,Non-excavator,10,Facultative,,,X,,Not globally threatened,,,,1,,
Passeriformes,"Paridae (Tits, Chickadees, and Titmice)",Carp's Black Tit,Parus carpi,15,Non-excavator,Inferred,Obligate,,X,X,Picidae and Lybiidae,Not assessed,,,,1,,
Passeriformes,"Paridae (Tits, Chickadees, and Titmice)",Grey Tit,Parus afer,14–15,Non-excavator,10,Facultative,,,X,,Not globally threatened,,,,1,,
Passeriformes,"Paridae (Tits, Chickadees, and Titmice)",Southern Black Tit,Parus niger,15–16,Non-excavator,Inferred,Obligate,,X,X,Picidae and Lybiidae,Not globally threatened,,,,1,,
Passeriformes,"Paridae (Tits, Chickadees, and Titmice)",Cinnamon-breasted Tit,Parus pallidiventris,15,Non-excavator,Inferred,Obligate,,,X,,Not assessed,,,,1,,
Passeriformes,"Paridae (Tits, Chickadees, and Titmice)",Yellow-cheeked Tit ,Parus spilonotus,14–15.5,Non-excavator,10,Facultative,,,X,,Not globally threatened,,1,,,1,
Passeriformes,"Paridae (Tits, Chickadees, and Titmice)",White-shouldered Black Tit,Parus guineensis,14,Non-excavator,Inferred,Obligate,,,X,,Not globally threatened,,,,1,,
Passeriformes,"Paridae (Tits, Chickadees, and Titmice)",Turkestan Tit,Parus bokharensis,14.5–15,Non-excavator,10,Facultative,,,X,,Not globally threatened,,1,,,,
Passeriformes,"Paridae (Tits, Chickadees, and Titmice)",White-fronted Tit ,Parus semilarvatus,13,Non-excavator,10,Facultative,,,X,,Not globally threatened,,,,,1,
Passeriformes,"Paridae (Tits, Chickadees, and Titmice)",Ashy Tit,Parus cinerascens,14.5–15,Non-excavator,10,Facultative,,,X,,Not globally threatened,,,,1,,
Passeriformes,Remizidae (Penduline-Tits),Fire-capped Tit ,Cephalopyrus flammiceps,8.5–9.5 ,Facultative excavator,Inferred,Obligate,,X,X,Picidae and Lybiidae,Not globally threatened,,1,,,1,
Passeriformes,Sittidae (Nuthatches),Chinese Nuthatch,Sitta villosa,11.5,Facultative excavator,10,Obligate,,X,X,Picidae,Not globally threatened,,1,,,,
Passeriformes,Sittidae (Nuthatches),Indian Nuthatch ,Sitta castanea,12.5 ,Non-excavator,10,Obligate,,,X,,Not assessed,,,,,1,
Passeriformes,Sittidae (Nuthatches),Neglected Nuthatch,Sitta neglecta,13,Non-excavator,10,Facultative,,,X,,Not assessed,,,,,1,
Passeriformes,Sittidae (Nuthatches),Eastern Rock Nuthatch,Sitta tephronota,15–16,Non-excavator,10,Obligate,,X,X,"Picidae, Coraciidae, and Meropidae",Not globally threatened,,1,,,,
Passeriformes,Sittidae (Nuthatches),Algerian Nuthatch ,Sitta ledanti,13.5,Facultative excavator,10,Obligate,,X,,Picidae,Endangered,,1,,,,
Passeriformes,Sittidae (Nuthatches),Chestnut-bellied Nuthatch,Sitta cinnamoventris,14,Non-excavator,10,Facultative,,,X,,Not assessed,,1,,,1,
Passeriformes,Sittidae (Nuthatches),Eurasian Nuthatch,Sitta europaea,14,Non-excavator,10,Obligate,,X,X,Picidae,Not globally threatened,,1,,,,
Passeriformes,Sittidae (Nuthatches),Chestnut-vented Nuthatch,Sitta nagaensis,12.5–14,Non-excavator,10,Obligate,,,X,,Not globally threatened,,1,,,1,
Passeriformes,Sittidae (Nuthatches),Kashmir Nuthatch,Sitta cashmirensis,14,Non-excavator,10,Obligate,,X,X,Picidae,Not globally threatened,,,,,1,
Passeriformes,Sittidae (Nuthatches),White-tailed Nuthatch,Sitta himalayensis,12,Non-excavator,10,Obligate,,,X,,Not globally threatened,,1,,,1,
Passeriformes,Sittidae (Nuthatches),White-browed Nuthatch,Sitta victoriae,11.5,Non-excavator,10,Unknown,,,X,,Endangered,,,,,1,
Passeriformes,Sittidae (Nuthatches),Red-breasted Nuthatch,Sitta canadensis,11.5,Facultative excavator,10,Obligate,,X,X,,Not globally threatened,1,,,,,
Passeriformes,Sittidae (Nuthatches),White-cheeked Nuthatch,Sitta leucopsis,13,Non-excavator,10,Facultative,,X,X,Picidae,Not assessed,,,,,1,
Passeriformes,Sittidae (Nuthatches),White-breasted Nuthatch,Sitta carolinensis,15.5 ,Non-excavator,10,Obligate,,X,X,Picidae,Not globally threatened,1,,1,,,
Passeriformes,Sittidae (Nuthatches),Pygmy Nuthatch,Sitta pygmaea,11,Facultative excavator,10,Obligate,,X,,Picidae,Not globally threatened,1,,,,,
Passeriformes,Sittidae (Nuthatches),Brown-headed Nuthatch,Sitta pusilla,10.5 ,Facultative excavator,10,Obligate,,X,X,Picidae,Not globally threatened,1,,,,,
Passeriformes,Sittidae (Nuthatches),Corsican Nuthatch,Sitta whiteheadi,12,Facultative excavator,10,Obligate,,X,,Picidae,Vulnerable,,1,,,,
Passeriformes,Sittidae (Nuthatches),Krueper's Nuthatch,Sitta krueperi,12.5 ,Facultative excavator,10,Facultative,,X,X,,Not globally threatened,,1,,,,
Passeriformes,Sittidae (Nuthatches),Yunnan Nuthatch,Sitta yunnanensis,12,Unknown,32,Unknown,,,X,,Not globally threatened,,1,,,,
Passeriformes,Sittidae (Nuthatches),Velvet-fronted Nuthatch,Sitta frontalis,12.5,Non-excavator,10,Obligate,,X,X,Picidae and Lybiidae,Not globally threatened,,1,,,1,
Passeriformes,Sittidae (Nuthatches),Yellow-billed Nuthatch,Sitta solangiae,12.5–13.5,Non-excavator,10,Unknown,,,X,,Not globally threatened,,1,,,1,
Passeriformes,Sittidae (Nuthatches),Sulphur-billed Nuthatch,Sitta oenochlamys,12.5,Non-excavator,10,Unknown,,,X,,Not globally threatened,,,,,1,
Passeriformes,Sittidae (Nuthatches),Blue Nuthatch,Sitta azurea,13.5,Non-excavator,10,Obligate,,,X,,Not globally threatened,,,,,1,
Passeriformes,Sittidae (Nuthatches),Giant Nuthatch,Sitta magna,19.5,Non-excavator,10,Obligate,,,X,,Endangered,,1,,,1,
Passeriformes,Sittidae (Nuthatches),Beautiful Nuthatch,Sitta formosa,16.5,Non-excavator,10,Obligate,,,X,,Vulnerable,,1,,,1,
Passeriformes,Sittidae (Nuthatches),Przewalski's Nuthatch,Sitta przewalskii,12.5,Non-excavator,32,Unknown,,,X,,Not assessed,,1,,,,
Passeriformes,Certhiidae (Treecreepers),Eurasian Treecreeper ,Certhia familiaris,12.5,Non-excavator,10,Facultative,,,X,,Not globally threatened,,,,,,
Passeriformes,Certhiidae (Treecreepers),Bar-tailed Treecreeper,Certhia himalayana,14,Non-excavator,10,Facultative,,X,X,Picidae,Not globally threatened,,1,,,1,
Passeriformes,Certhiidae (Treecreepers),Sikkim Treecreeper,Certhia discolor,14,Non-excavator,10,Unknown,,,X,,Not globally threatened,,1,,,1,
Passeriformes,Certhiidae (Treecreepers),Rusty-flanked Treecreeper,Certhia nipalensis,14,Non-excavator,10,Unknown,,,X,,Not globally threatened,,1,,,1,
Passeriformes,Certhiidae (Treecreepers),Manipur Treecreeper,Certhia manipurensis,14,Non-excavator,10,Unknown,,,X,,Not globally threatened,,,,,1,
Passeriformes,Certhiidae (Treecreepers),Sichuan Treecreeper,Certhia tianquanensis,14,Non-excavator,10,Obligate,,,X,,Not globally threatened,,1,,,,
Passeriformes,Certhiidae (Treecreepers),American Treecreepe,Certhia americana,12–13.5,Non-excavator,10,Facultative,,X,X,Picidae,Not globally threatened,1,,1,,,
Passeriformes,Certhiidae (Treecreepers),Short-toed Treecreeper,Certhia brachydactyla,12.5,Non-excavator,10,Facultative,,X,X,Picidae,Not globally threatened,,1,,,,
Passeriformes,Pardalotidae (Pardalotes),Red-browed Pardalote,Pardalotus rubricatus,9–11.5,Non-excavator,10,Facultative,X,,X,,Not globally threatened,,,,,,1
Passeriformes,Pardalotidae (Pardalotes),Striated Pardalote,Pardalotus striatus,9–12,Non-excavator,10,Facultative,,,X,,Not globally threatened,,,,,,1
Passeriformes,Pardalotidae (Pardalotes),Forty-spotted Pardalote,Pardalotus quadragintus,8.5–11,Non-excavator,10,Facultative,,,X,,Endangered,,,,,,1
Passeriformes,Meliphagidae (Honeyeaters),New Zealand Bellbird,Anthornis melanura,17–20,Non-excavator,10,Facultative,X,,X,,Not globally threatened,,,,,,1
Passeriformes,Callaeidae (Wattlebirds),North Island Saddleback,Philesturnus rufusater,25,Non-excavator,10,Facultative,,,X,,Not assessed,,,,,,1
Passeriformes,Artamidae (Woodswallows),Ashy Woodswallow,Artamus fuscus,19,Non-excavator,10,Facultative,X,,X,,Not globally threatened,,1,,,1,
Passeriformes,Artamidae (Woodswallows),Little Woodswallow,Artamus minor,12,Non-excavator,10,Facultative,X,,X,,Not globally threatened,,,,,,1
Passeriformes,Artamidae (Woodswallows),Dusky Woodswallow,Artamus cyanopterus,18,Non-excavator,15,Facultative,,,X,,Not globally threatened,,,,,,1
Passeriformes,Artamidae (Woodswallows),White-browed Woodswallow,Artamus superciliosus,18–19,Non-excavator,15,Facultative,,,X,,Not globally threatened,,,,,,1
Passeriformes,Artamidae (Woodswallows),Masked Woodswallow,Artamus personatus,18–20,Non-excavator,15,Facultative,,,X,,Not globally threatened,,,,,,1
Passeriformes,Artamidae (Woodswallows),White-breasted Woodswallow,Artamus leucorynchus,18.5,Non-excavator,15,Facultative,,,X,,Not globally threatened,,,,,1,1
Passeriformes,Paradisaeidae (Birds-of-Paradise),King Bird-of-paradise,Cicinnurus regius,16-19,Non-excavator,10,Unknown,,,X,,Not globally threatened,,,,,,1
Passeriformes,"Corvidae (Crows, Jays, and Magpies)",Eurasian Jay,Garrulus glandarius,32–36,Non-excavator,10; 48,Facultative,X,X,X,Picidae,Not globally threatened,,1,,,1,
Passeriformes,"Corvidae (Crows, Jays, and Magpies)",Lidth's Jay,Garrulus lidthi,38,Non-excavator,10,Facultative,,,,,Vulnerable,,1,,,,
Passeriformes,"Corvidae (Crows, Jays, and Magpies)",Eurasian Jackdaw,Corvus monedula,34–39 ,Non-excavator,10; 21,Facultative,,X,X,Picidae (Dryocopus martius),Not globally threatened,,1,,,,
Passeriformes,"Corvidae (Crows, Jays, and Magpies)",Daurian Jackdaw,Corvus dauuricus,34–36,Non-excavator,10,Facultative,,,X,,Not globally threatened,,1,,,,
Passeriformes,"Corvidae (Crows, Jays, and Magpies)",Jamaican Crow,Corvus jamaicensis,35–38,Non-excavator,10,Facultative,,,X,,Not globally threatened,,,1,,,
Passeriformes,Buphagidae (Oxpeckers),Yellow-billed Oxpecker,Buphagus africanus,20,Non-excavator,10,Obligate,,X,X,Picidae,Not globally threatened,,,,1,,
Passeriformes,Buphagidae (Oxpeckers),Red-billed Oxpecker,Buphagus erythrorhynchus,20,Non-excavator,10,Facultative,,,X,,Not globally threatened,,,,1,,
Passeriformes,Sturnidae (Starlings),Rose-coloured Starling ,Pastor roseus,21,Non-excavator,10,Facultative,,,X,,Not globally threatened,,1,,,,
Passeriformes,Sturnidae (Starlings),Amethyst Starling,Cinnyricinclus leucogaster,16 ,Non-excavator,10,Obligate,,X,X,Picidae,Not globally threatened,,,,1,,
Passeriformes,Sturnidae (Starlings),Grand Rhabdornis,Rhabdornis grandis,16.3–18,Non-excavator,10,Unknown,,,X,,Not globally threatened,,,,,1,
Passeriformes,Sturnidae (Starlings),Stripe-breasted Rhabdornis,Rhabdornis inornatus,15.2–18.8,Non-excavator,10,Obligate,,,X,,Not globally threatened,,,,,1,
Passeriformes,Sturnidae (Starlings),Striated Starling ,Aplonis striata,18 ,Non-excavator,10,Obligate,,,X,,Not globally threatened,,,,,,1
Passeriformes,Sturnidae (Starlings),Atoll Starling,Aplonis feadensis,20,Non-excavator,10,Obligate,,,X,,Not globally threatened,,,,,,1
Passeriformes,Sturnidae (Starlings),Rennell Starling,Aplonis insularis,19,Non-excavator,10,Unknown,,,X,,Not globally threatened,,,,,,1
Passeriformes,Sturnidae (Starlings),Brown-winged Starling,Aplonis grandis,27,Non-excavator,10,Facultative,,,X,,Not globally threatened,,,,,,1
Passeriformes,Sturnidae (Starlings),Rusty-winged Starling,Aplonis zelandica,19,Non-excavator,10,Obligate,,,X,,Not globally threatened,,,,,,1
Passeriformes,Sturnidae (Starlings),Pohnpei Starling,Aplonis pelzelni,16,Non-excavator,10,Unknown,,,X,,Critically Endangered,,,,,,1
Passeriformes,Sturnidae (Starlings),Singing Starling,Aplonis cantoroides,18,Non-excavator,10,Obligate,,,X,,Not globally threatened,,,,,1,
Passeriformes,Sturnidae (Starlings),Mountain Starling,Aplonis santovestris,18,Non-excavator,10,Obligate,,,X,,Vulnerable,,,,,,1
Passeriformes,Sturnidae (Starlings),Asian Glossy Starling,Aplonis panayensis,20,Non-excavator,10,Facultative,,X,X,Picidae,Not globally threatened,,,,,1,
Passeriformes,Sturnidae (Starlings),Moluccan Starling,Aplonis mysolensis,20,Facultative excavator,10,Obligate,,X,X,,Not globally threatened,,,,,,1
Passeriformes,Sturnidae (Starlings),Short-tailed Starling,Aplonis minor,18,Primary excavator,10,Unknown,,X,,,Not globally threatened,,,,,1,
Passeriformes,Sturnidae (Starlings),Micronesian Starling,Aplonis opaca,24,Non-excavator,10,Facultative,,,X,,Not globally threatened,,,,,,1
Passeriformes,Sturnidae (Starlings),Samoan Starling,Aplonis atrifusca,30,Non-excavator,10,Obligate,,,X,,Not globally threatened,,,,,,1
Passeriformes,Sturnidae (Starlings),Shining Starling,Aplonis metallica,25,Non-excavator,15,Facultative,,,X,,Not globally threatened,,,,,,1
Passeriformes,Sturnidae (Starlings),Tanimbar Starling,Aplonis crassa,20,Non-excavator,Inferred,Unknown,,,,,Not Globally Threatened,,,,,,1
Passeriformes,Sturnidae (Starlings),Rarotonga Starling,Aplonis cinerascens,21,Non-excavator,10,Unknown,,,X,,Vulnerable,,,,,,1
Passeriformes,Sturnidae (Starlings),Apo Myna,Basilornis mirandus,30,Non-excavator,10,Unknown,,X,,Picidae,Not globally threatened,,,,,1,
Passeriformes,Sturnidae (Starlings),Sulawesi Crested Myna,Basilornis celebensis,25,Non-excavator,Inferred,Unknown,,,,,Not Globally Threatened,,,,,1,
Passeriformes,Sturnidae (Starlings),Helmeted Myna,Basilornis galeatus,25,Non-excavator,Inferred,Unknown,,,,,Not Globally Threatened,,,,,1,
Passeriformes,Sturnidae (Starlings),Long-crested Myna,Basilornis corythaix,25,Non-excavator,Inferred,Unknown,,,,,Not Globally Threatened,,,,,,1
Passeriformes,Sturnidae (Starlings),Coleto,Sarcops calvus,27 ,Non-excavator,10,Obligate,,,X,,Not globally threatened,,1,,,,
Passeriformes,Sturnidae (Starlings),White-necked Myna,Streptocitta albicollis,50,Non-excavator,10,Obligate,,,X,,Not globally threatened,,,,,1,
Passeriformes,Sturnidae (Starlings),Bare-eyed Myna,Streptocitta albertinae,45,Non-excavator,Inferred,Unknown,,,,,Not Globally Threatened,,,,,1,
Passeriformes,Sturnidae (Starlings),Flame-browed Starling,Enodes erythrophris,27,Non-excavator,10,Unknown,,,X,,Not globally threatened,,,,,1,
Passeriformes,Sturnidae (Starlings),Yellow-faced Myna,Mino dumontii,25,Non-excavator,10,Unknown,,,X,,Not globally threatened,,,,,,1
Passeriformes,Sturnidae (Starlings),Golden Myna,Mino anais,25,Non-excavator,10,Obligate,,,X,,Not globally threatened,,,,,,1
Passeriformes,Sturnidae (Starlings),Long-tailed Myna,Mino kreffti,30,Non-excavator,10,Obligate,,,X,,Not assessed,,,,,,1
Passeriformes,Sturnidae (Starlings),Golden-crested Myna,Ampeliceps coronatus,20,Non-excavator,10,Obligate,,,X,,Not globally threatened,,1,,,1,
Passeriformes,Sturnidae (Starlings),Sri Lanka Hill Myna,Gracula ptilogenys,25,Non-excavator,10,Obligate,,,X,,Not globally threatened,,,,,1,
Passeriformes,Sturnidae (Starlings),Common Hill Myna,Gracula religiosa,30,Non-excavator,10,Obligate,,X,X,Picidae and Psitaccidae,Not globally threatened,,,,,1,
Passeriformes,Sturnidae (Starlings),Southern Hill Myna,Gracula indica,23–25,Non-excavator,10,Obligate,,,X,,Not assessed,,,,,1,
Passeriformes,Sturnidae (Starlings),White-faced Starling,Sturnornis albofrontatus,20,Non-excavator,10,Obligate,,,,,Vulnerable,,,,,1,
Passeriformes,Sturnidae (Starlings),Bali Myna,Leucopsar rothschildi,25,Non-excavator,10,Obligate,,X,X,Picidae,Critically Endangered,,,,,1,
Passeriformes,Sturnidae (Starlings),White-shouldered Starling,Sturnia sinensis,17,Non-excavator,10,Facultative,,,X,,Not globally threatened,,1,,,,
Passeriformes,Sturnidae (Starlings),Brahminy Starling,Sturnia pagodarum,20,Non-excavator,10,Obligate,,X,X,Picidae and Megalaimidae,Not globally threatened,,1,,,1,
Passeriformes,Sturnidae (Starlings),Chestnut-tailed Starling,Sturnia malabarica,20,Non-excavator,10,Obligate,,X,X,Picidae and Megalaimidae,Not globally threatened,,1,,,1,
Passeriformes,Sturnidae (Starlings),Grosbeak Starling ,Scissirostrum dubium,20,Primary excavator,10,Obligate,,X,,,Not globally threatened,,,,,1,
Passeriformes,Sturnidae (Starlings),Red-cheeked Starling,Agropsar philippensis,17,Non-excavator,10; 22,Facultative,,X,X,Picidae (Dendrocopos major),Not globally threatened,,,,,1,
Passeriformes,Sturnidae (Starlings),Purple-backed Starling ,Agropsar sturninus,17,Non-excavator,10,Obligate,,X,X,Picidae (Dendrocopos leucotos),Not globally threatened,,1,,,,
Passeriformes,Sturnidae (Starlings),Common Starling,Sturnus vulgaris,21,Non-excavator,10,Facultative,,X,X,Picidae,Not globally threatened,,1,,,1,
Passeriformes,Sturnidae (Starlings),Spotless Starling,Sturnus unicolor,22,Non-excavator,10,Facultative,,X,X,Picidae,Not globally threatened,,1,,,,
Passeriformes,Sturnidae (Starlings),Red-billed Starling,Poliopsar sericeus,22,Non-excavator,10,Facultative,,,,,Not globally threatened,,1,,,,
Passeriformes,Sturnidae (Starlings),White-cheeked Starling,Poliopsar cineraceus,22,Non-excavator,10,Facultative,,,,,Not globally threatened,,,,,1,
Passeriformes,Sturnidae (Starlings),Collared Myna ,Acridotheres albocinctus,25,Non-excavator,10,Facultative,,,X,,Not globally threatened,,,,,1,
Passeriformes,Sturnidae (Starlings),Vinous-breasted Myna,Acridotheres burmannicus,22,Non-excavator,10,Obligate,,,,,Not globally threatened,,1,,,1,
Passeriformes,Sturnidae (Starlings),Black-winged Myna,Acridotheres melanopterus,23,Non-excavator,10,Facultative,,,,,Critically Endangered,,,,,1,
Passeriformes,Sturnidae (Starlings),Jungle Myna,Acridotheres fuscus,24,Non-excavator,10,Facultative,,X,X,Picidae,Not globally threatened,,,,,1,
Passeriformes,Sturnidae (Starlings),Pale-bellied Myna,Acridotheres cinereus,25 ,Non-excavator,10,Obligate,,,,,Not globally threatened,,,,,1,
Passeriformes,Sturnidae (Starlings),Great Myna,Acridotheres grandis,25,Non-excavator,10,Unknown,,,,,Not globally threatened,,,,,1,
Passeriformes,Sturnidae (Starlings),Crested Myna,Acridotheres cristatellus,25,Non-excavator,10,Facultative,,,X,,Not globally threatened,,1,,,1,
Passeriformes,Sturnidae (Starlings),Common Myna ,Acridotheres tristis,25,Non-excavator,10; 18,Facultative,,X,X,Picidae,Not globally threatened,,1,,,1,
Passeriformes,Sturnidae (Starlings),White-vented Myna,Acridotheres javanicus,21,Non-excavator,10,Facultative,,X,X,Picidae,Not globally threatened,,,,,1,
Passeriformes,Sturnidae (Starlings),Purple-headed Glossy Starling,Hylopsar purpureiceps,18,Non-excavator,10,Obligate,,,X,,Not globally threatened,,,,1,,
Passeriformes,Sturnidae (Starlings),Copper-tailed Glossy Starling,Hylopsar cupreocauda,18,Non-excavator,10,Obligate,,,,,Not globally threatened,,,,1,,
Passeriformes,Sturnidae (Starlings),Black-bellied Glossy Starling,Notopholia corrusca,18,Non-excavator,10,Obligate,,X,X,Picidae and Lybiidae,Not globally threatened,,,,1,,
Passeriformes,Sturnidae (Starlings),Chestnut-winged Starling ,Onychognathus fulgidus,28–35,Non-excavator,10,Facultative,,,,,Not globally threatened,,,,1,,
Passeriformes,Sturnidae (Starlings),Waller's Starling,Onychognathus walleri,20,Non-excavator,10,Obligate,,,,,Not globally threatened,,,,1,,
Passeriformes,Sturnidae (Starlings),Spot-winged Starling,Saroglossa spiloptera,19,Non-excavator,10,Obligate,,X,X,Megalaimidae,Not globally threatened,,,,,1,
Passeriformes,Sturnidae (Starlings),Sharpe's Starling,Pholia sharpii,18,Non-excavator,10,Obligate,,,X,,Not globally threatened,,,,1,,
Passeriformes,Sturnidae (Starlings),Abbott's Starling,Pholia femoralis,17,Non-excavator,10,Obligate,,X,,Picidae,Vulnerable,,,,1,,
Passeriformes,Sturnidae (Starlings),White-winged Babbling Starling,Neocichla gutturalis,17,Non-excavator,10,Obligate,,,,,Not globally threatened,,,,1,,
Passeriformes,Sturnidae (Starlings),Narrow-tailed Starling,Poeoptera lugubris,18,Non-excavator,10,Obligate,,X,,Lybiidae (Gymnobucco spp.),Not globally threatened,,,,1,,
Passeriformes,Sturnidae (Starlings),Stuhlmann's Starling,Poeoptera stuhlmanni,15,Non-excavator,10,Obligate,,,,,Not globally threatened,,,,1,,
Passeriformes,Sturnidae (Starlings),Kenrick's Starling,Poeoptera kenricki,15,Non-excavator,10,Obligate,,X,,Picidae and Lybiidae,Not globally threatened,,,,1,,
Passeriformes,Sturnidae (Starlings),Bronze-tailed Glossy Starling,Lamprotornis chalcurus,21,Non-excavator,10,Obligate,,,,,Not globally threatened,,,,1,,
Passeriformes,Sturnidae (Starlings),Principe Glossy Starling,Lamprotornis ornatus,30,Non-excavator,10,Obligate,,,,,Not globally threatened,,,,1,,
Passeriformes,Sturnidae (Starlings),Purple Glossy Starling,Lamprotornis purpureus,27,Non-excavator,10,Obligate,,,,,Not globally threatened,,,,1,,
Passeriformes,Sturnidae (Starlings),Splendid Glossy Starling,Lamprotornis splendidus,28,Non-excavator,10,Obligate,,,,,Not globally threatened,,,,1,,
Passeriformes,Sturnidae (Starlings),Superb Starling ,Lamprotornis superbus,18,Non-excavator,10,Facultative,,,,,Not globally threatened,,,,1,,
Passeriformes,Sturnidae (Starlings),Greater Blue-eared Starling ,Lamprotornis chalybaeus,21–24,Non-excavator,10,Facultative,,X,X,Picidae and Lybiidae,Not globally threatened,,,,1,,
Passeriformes,Sturnidae (Starlings),Meves's Long-tailed Starling,Lamprotornis mevesii,30,Facultative excavator,10,Obligate,,X,,,Not globally threatened,,,,1,,
Passeriformes,Sturnidae (Starlings),Rüppell's Glossy Starling,Lamprotornis purpuroptera,35,Non-excavator,10,Obligate,,X,X,Picidae,Not globally threatened,,,,1,,
Passeriformes,Sturnidae (Starlings),Cape Glossy Starling,Lamprotornis nitens,25 ,Non-excavator,10,Facultative,,X,X,Picidae and Lybiidae,Not globally threatened,,,,1,,
Passeriformes,Sturnidae (Starlings),Hildebrandt's Starling,Lamprotornis hildebrandti,18,Non-excavator,10,Obligate,,X,X,Picidae,Not globally threatened,,,,1,,
Passeriformes,Sturnidae (Starlings),Shelley's Starling,Lamprotornis shelleyi,16,Non-excavator,10,Facultative,,,X,,Not globally threatened,,,,1,,
Passeriformes,Sturnidae (Starlings),Burchell's Starling,Lamprotornis australis,30,Non-excavator,10,Facultative,,X,X,Picidae and Lybiidae,Not globally threatened,,,,1,,
Passeriformes,Sturnidae (Starlings),Long-tailed Glossy Starling,Lamprotornis caudatus,40–50,Non-excavator,10,Obligate,,,,,Not globally threatened,,,,1,,
Passeriformes,Sturnidae (Starlings),Ashy Starling,Lamprotornis unicolor,30,Non-excavator,10,Obligate,,X,X,Picidae and Lybiidae,Not globally threatened,,,,1,,
Passeriformes,Sturnidae (Starlings),Golden-breasted Starling,Lamprotornis regius,30,Non-excavator,10,Obligate,,X,X,Picidae and Lybiidae,Not globally threatened,,,,1,,
Passeriformes,Sturnidae (Starlings),African Pied Starling,Lamprotornis bicolor,25,Non-excavator,10,Facultative,,,X,,Not globally threatened,,,,1,,
Passeriformes,Sturnidae (Starlings),Lesser Blue-eared Starling,Lamprotornis chloropterus,18,Non-excavator,10,Obligate,,,X,,Not globally threatened,,,,1,,
Passeriformes,Sturnidae (Starlings),Sharp-tailed Starling,Lamprotornis acuticaudus,20,Non-excavator,10,Obligate,,,X,,Not globally threatened,,,,1,,
Passeriformes,Sturnidae (Starlings),Emerald Starling,Lamprotornis iris,21,Non-excavator,10,Obligate,,,X,,Not globally threatened,,,,1,,
Passeriformes,Passeridae (Old World Sparrows),Southern Grey-headed Sparrow,Passer diffusus,15–16 ,Non-excavator,10; 34,Facultative,,X,X,Picidae and Lybiidae,Not globally threatened,,,,1,,
Passeriformes,Passeridae (Old World Sparrows),Pegu Sparrow,Passer flaveolus, 14,Non-excavator,10,Facultative,,,,,Not globally threatened,,,,,1,
Passeriformes,Passeridae (Old World Sparrows),Saxaul Sparrow,Passer ammodendri,14–16,Non-excavator,10,Facultative,,,,,Not globally threatened,,1,,,,
Passeriformes,Passeridae (Old World Sparrows),House Sparrow,Passer domesticus,16–18,Non-excavator,10,Facultative,,X,X,Picidae,Not globally threatened,,1,,1,1,
Passeriformes,Passeridae (Old World Sparrows),Italian Sparrow,Passer italiae,16,Non-excavator,10,Facultative,,X,X,Picidae,Not globally threatened,1,,,,,
Passeriformes,Passeridae (Old World Sparrows),Russet Sparrow,Passer cinnamomeus,14–15,Non-excavator,10; 22,Facultative,,X,X,Picidae (Dendrocopos major),Not globally threatened,,1,,,1,
Passeriformes,Passeridae (Old World Sparrows),Socotra Sparrow,Passer insularis,13–14,Non-excavator,10,Facultative,,,X,,Not globally threatened,,,,1,,
Passeriformes,Passeridae (Old World Sparrows),Swainson's Sparrow,Passer swainsonii,16,Non-excavator,10,Facultative,,,X,,Not globally threatened,,,,1,,
Passeriformes,Passeridae (Old World Sparrows),Parrot-billed Sparrow,Passer gongonensis,18,Non-excavator,10,Facultative,,,X,,Not globally threatened,,,,1,,
Passeriformes,Passeridae (Old World Sparrows),Desert Sparrow,Passer simplex,14–15,Non-excavator,10,Facultative,,,X,,Not globally threatened,,1,,,,
Passeriformes,Passeridae (Old World Sparrows),Eurasian Tree Sparrow,Passer montanus,14–15,Non-excavator,10; 22,Facultative,,X,,Picidae (Dendrocopos major),Not globally threatened,,1,,,1,
Passeriformes,Passeridae (Old World Sparrows),Yellow-throated Bush-sparrow,Gymnoris superciliaris,15–16,Non-excavator,10,Obligate,,,X,,Not globally threatened,,,,1,,
Passeriformes,Passeridae (Old World Sparrows),Yellow-spotted Bush-sparrow,Gymnoris pyrgita,15–16,Non-excavator,10,Facultative,,,X,,Not globally threatened,,,,1,,
Passeriformes,Passeridae (Old World Sparrows),Russet-browed Bush-sparrow,Gymnoris dentata,13,Non-excavator,10,Facultative,,X,X,Picidae,Not globally threatened,,,,1,,
Passeriformes,Passeridae (Old World Sparrows),Chestnut-shouldered Bush-sparrow,Gymnoris xanthocollis,12.5–14,Non-excavator,10,Facultative,,,X,,Not globally threatened,,1,,,1,
Passeriformes,Passeridae (Old World Sparrows),Common Rock-sparrow,Petronia petronia,14–15.5,Non-excavator,10,Facultative,,,X,,Not globally threatened,,1,,,1,
Passeriformes,Passeridae (Old World Sparrows),Common Grey-headed Sparrow,Passer griseus,14–15,Non-excavator,10; 44,Facultative,,,X,,Not globally threatened,,,,1,,
Passeriformes,Passeridae (Old World Sparrows),Swahili Sparrow ,Passer suahelicus,15–16,Non-excavator,10,Facultative,,,X,,Not globally threatened,,,,1,,
Passeriformes,Estrildidae (Waxbills and Allies),Red-headed Finch,Amadina erythrocephala,12–13,Non-excavator,10,Facultative,,,X,,Not globally threatened,,,,1,,
Passeriformes,Estrildidae (Waxbills and Allies),Cut-throat Finch,Amadina fasciata,11–12,Non-excavator,10,Facultative,,,X,,Not globally threatened,,,,1,,
Passeriformes,Estrildidae (Waxbills and Allies),Double-barred Finch,Taeniopygia bichenovii,10–11,Non-excavator,10,Facultative,,,X,,Not globally threatened,,,,,,1
Passeriformes,Estrildidae (Waxbills and Allies),Australian Zebra Finch,Taeniopygia castanotis,10.5,Non-excavator,15,Facultative,,,X,,Not globally threatened,,,,,,1
Passeriformes,Estrildidae (Waxbills and Allies),Timor Zebra Finch,Taeniopygia guttata,10,Non-excavator,15,Facultative,,,X,,Not globally threatened,,,,,1,
Passeriformes,Estrildidae (Waxbills and Allies),Black-throated Finch,Poephila cincta,11,Non-excavator,10,Facultative,,,X,,Not globally threatened,,,,,,1
Passeriformes,Estrildidae (Waxbills and Allies),Gouldian Finch,Erythrura gouldiae,15,Non-excavator,10,Facultative,,,X,,Not globally threatened,,,,,,1
Passeriformes,Estrildidae (Waxbills and Allies),Crimson Finch,Neochmia phaeton,13,Non-excavator,15,Facultative,,,X,,Not globally threatened,,,,,,1
Passeriformes,Estrildidae (Waxbills and Allies),White-rumped Munia,Lonchura striata,11–12,Non-excavator,10,Facultative,,,X,,Not globally threatened,,1,,,1,
Passeriformes,Estrildidae (Waxbills and Allies),Dusky Munia,Lonchura fuscans,11,Non-excavator,10,Facultative,X,,X,,Not globally threatened,,,,,1,
Passeriformes,Estrildidae (Waxbills and Allies),Java Sparrow,Lonchura oryzivora,15,Non-excavator,10,Facultative,,X,,Picidae,Vulnerable,,,,,1,
Passeriformes,"Fringillidae (Finches, Euphonias, and Allies)",Thick-billed Euphonia,Euphonia laniirostris,10 ,Non-excavator,10,Facultative,,,X,,Not globally threatened,,,1,,,
Passeriformes,"Fringillidae (Finches, Euphonias, and Allies)",Cape Siskin,Crithagra totta,12–13,Non-excavator,10,Facultative,X,,X,,Not globally threatened,,,,1,,
Passeriformes,"Fringillidae (Finches, Euphonias, and Allies)",Black-chinned Siskin,Carduelis barbata,12–13,Non-excavator,1,Facultative,X,,X,,Not globally threatened,,,1,,,
Passeriformes,Parulidae (New World Warblers),Northern Waterthrush,Parkesia noveboracensis,15,Non-excavator,10,Facultative,,,X,,Not globally threatened,1,,,,,
Passeriformes,Parulidae (New World Warblers),Prothonotary Warbler,Protonotaria citrea,14,Non-excavator,10,Obligate,,X,X,Picidae and Paridae,Not globally threatened,1,,,,,
Passeriformes,Parulidae (New World Warblers),Lucy's Warbler,Vermivora luciae,11,Non-excavator,10,Facultative,,X,X,Picidae,Not globally threatened,1,,1,,,
Passeriformes,Parulidae (New World Warblers),Black-throated Green Warbler,Setophaga virens,13,Non-excavator,10,Facultative,,,X,,Not globally threatened,1,,1,,,
Passeriformes,Thraupidae (Tanagers and Allies),Magpie Tanager,Cissopis leverianus,25–26,Non-excavator,10,Facultative,,,X,,Not globally threatened,,,1,,,
Passeriformes,Thraupidae (Tanagers and Allies),Scarlet-throated Tanager,Compsothraupis loricata,21,Non-excavator,10,Facultative,,X,,Picidae,Not globally threatened,,,1,,,
Passeriformes,Thraupidae (Tanagers and Allies),Yellow-winged Tanager ,Tangara abbas,17,Non-excavator,10,Facultative,,,,,Not globally threatened,,,1,,,
Passeriformes,Thraupidae (Tanagers and Allies),Palm Tanager,Tangara palmarum,17,Non-excavator,10,Facultative,,,X,,Not globally threatened,,,1,,,
Passeriformes,Thraupidae (Tanagers and Allies),Swallow Tanager,Tersina viridis,14,Non-excavator,10,Facultative,,,X,,Not globally threatened,,,1,,,
Passeriformes,Thraupidae (Tanagers and Allies),Puna Yellow-finch,Sicalis lutea,13.5–14,Non-excavator,10,Facultative,,X,,Picidae (Melanerpes cactorum),Not globally threatened,,,1,,,
Passeriformes,Thraupidae (Tanagers and Allies),Puerto Rican Bullfinch,Pyrrhulagra portoricensis,16.5–19,Non-excavator,10,Facultative,,,X,,Not globally threatened,,,1,,,
Passeriformes,Thraupidae (Tanagers and Allies),Greater Antillean Bullfinch,Pyrrhulagra violacea,13.2–17.5,Non-excavator,10,Facultative,,,X,,Not globally threatened,,,1,,,
Passeriformes,Thraupidae (Tanagers and Allies),White-rimmed Brush-finch,Atlapetes leucopis,18,Non-excavator,10,Facultative,,,X,,Not globally threatened,,,1,,,
Passeriformes,Thraupidae (Tanagers and Allies),Purple Honeycreeper,Cyanerpes caeruleus,10,Non-excavator,10,Unknown,,,X,,Not globally threatened,,,1,,,
Passeriformes,Emberizidae (Buntings and New World Sparrows),Rufous-collared Sparrow,Zonotrichia capensis,11.8–13.4,Non-excavator,1,Facultative,X,,X,,Not globally threatened,,,1,,,
Passeriformes,Emberizidae (Buntings and New World Sparrows),McKay's Bunting,Plectrophenax hyperboreus,15–19,Non-excavator,10,Facultative,X,X,,Picidae,Not globally threatened,1,,,,,
Passeriformes,Emberizidae (Buntings and New World Sparrows),Patagonian sierra-finch,Phrygilus patagonicus,14.5–15,Non-excavator,10,Facultative,X,,X,,Not globally threatened,,,1,,,
Passeriformes,Icteridae (Troupials and Allies),Yellow-shouldered Blackbird,Agelaius xanthomus,20–23,Non-excavator,10,Facultative,,,X,,Endangered,,,1,,,
Passeriformes,Icteridae (Troupials and Allies),Cuban Blackbird,Ptiloxena atroviolacea,25–28,Non-excavator,10,Facultative,,,X,,Not globally threatened,,,1,,,
Passeriformes,Icteridae (Troupials and Allies),Brewer's Blackbird,Euphagus cyanocephalus,23 ,Non-excavator,10,Facultative,X,X,X,Picidae,Not globally threatened,1,,,,,
Passeriformes,Icteridae (Troupials and Allies),Common Grackle,Quiscalus quiscula,27.2 ,Non-excavator,10,Facultative,X,,X,,Not globally threatened,1,,,,,
Passeriformes,Icteridae (Troupials and Allies),Chopi Blackbird ,Gnorimopsar chopi,23,Non-excavator,5; 10,Facultative,,X,,Picidae,Not globally threatened,,,1,,,
Passeriformes,Icteridae (Troupials and Allies),Pale Baywing,Agelaioides fringillarius,17.5 ,Non-excavator,10,Facultative,X,,X,,Not assessed,,,1,,,
Passeriformes,Icteridae (Troupials and Allies),Greyish Baywing,Agelaioides badius,18.6,Non-excavator,10; 19,Facultative,,X,X,Picidae,Not globally threatened,,,1,,,
